,"sentence","word","label"
0,0,"lowenergy","O"
1,0,"truly","O"
2,0,"random","O"
3,0,"number","O"
4,0,"generation","O"
5,0,"superparamagnetic","I-PROP"
6,0,"tunnel","B-STRUCT"
7,0,"junctions","I-STRUCT"
8,0,"unconventional","O"
9,0,"computing","O"
10,1,"abstract","O"
11,1,"energy","O"
12,1,"efficiency","O"
13,1,"compared","O"
14,1,"current","O"
15,1,"solutions","O"
16,2,"show","O"
17,2,"random","O"
18,2,"generation","O"
19,2,"speed","O"
20,2,"improves","O"
21,2,"nanodevice","I-STRUCT"
22,2,"scaling","O"
23,2,"investigate","O"
24,2,"impact","O"
25,2,"temperature","O"
26,2,"magnetic","O"
27,2,"field","O"
28,2,"crosstalk","O"
29,3,"finally","O"
30,3,"show","O"
31,3,"alternative","O"
32,3,"computing","O"
33,3,"schemes","O"
34,3,"implemented","O"
35,3,"using","O"
36,3,"superparamagentic","I-PROP"
37,3,"tunnel","B-STRUCT"
38,3,"junctions","I-STRUCT"
39,3,"random","O"
40,3,"number","O"
41,3,"generators","O"
42,4,"results","O"
43,4,"open","O"
44,5,"theoretical","O"
45,5,"investigation","O"
46,5,"excitonic","O"
47,5,"magnetism","O"
48,5,"lasrcoo","I-MAT"
49,5,4,"O"
50,6,"abstract","O"
51,7,"find","O"
52,7,"staggered","O"
53,7,"arrangement","O"
54,7,"magnetic","O"
55,7,"multipoles","O"
56,7,"stable","O"
57,7,"broad","O"
58,7,"range","O"
59,7,"co","I-MAT"
60,7,"3d","O"
61,7,"interaction","O"
62,7,"parameters","O"
63,8,"ordered","O"
64,8,"state","O"
65,8,"described","O"
66,8,"spindenitywavetype","O"
67,8,"condensate","O"
68,8,"xy","O"
69,8,"x","O"
70,8,2,"O"
71,8,2,"O"
72,8,"excitons","O"
73,8,"carrying","O"
74,8,"spin","O"
75,8,"s1","O"
76,9,"construct","O"
77,9,"effective","O"
78,9,"strongcoupling","O"
79,9,"model","O"
80,9,"calculate","O"
81,9,"exciton","O"
82,9,"dispersion","O"
83,9,"inves","O"
84,10,"alma","O"
85,10,"vla","O"
86,10,"observations","O"
87,10,"emission","O"
88,10,"environment","O"
89,10,"sgr","O"
90,11,"abstract","O"
91,11,"mg","I-MAT"
92,11,"magnetic","O"
93,11,"field","O"
94,12,"origin","O"
95,12,"unclear","O"
96,12,"coexistence","O"
97,12,"hot","O"
98,12,"gas","O"
99,12,"supports","O"
100,12,"scenarios","O"
101,12,"gas","O"
102,12,"produced","O"
103,12,"interaction","O"
104,12,"winds","O"
105,12,"either","O"
106,12,"fast","O"
107,12,"moving","O"
108,12,"sstars","O"
109,12,"photoevaporation","O"
110,12,"lowmass","O"
111,12,"yso","O"
112,12,"disks","O"
113,12,"jetdriven","O"
114,12,"outflow","O"
115,12,"sgr","O"
116,13,"spatial","O"
117,13,"anticorrelation","O"
118,13,"xray","O"
119,13,"radio","O"
120,13,"mm","O"
121,13,"emission","O"
122,13,"halo","O"
123,14,"trions","O"
124,14,"mos","O"
125,14,2,"O"
126,14,"quantum","O"
127,14,"superpositions","O"
128,14,"intra","O"
129,14,"intervalley","O"
130,14,"spin","O"
131,14,"states","O"
132,15,"abstract","O"
133,15,"monolayers","I-STRUCT"
134,15,"high","O"
135,15,"magnetic","O"
136,15,"fields","O"
137,15,28,"O"
138,15,"b","O"
139,15,"0t","O"
140,15,"electron","O"
141,15,"density","O"
142,15,"nssim","O"
143,15,"1012cm2","O"
144,15,"observe","O"
145,15,"three","O"
146,15,"trion","O"
147,15,"resonances","O"
148,15,"explained","O"
149,15,"within","O"
150,15,"singleparticle","O"
151,15,"picture","O"
152,16,"employing","O"
153,16,"ab","O"
154,16,"initio","O"
155,16,"calculations","O"
156,16,"take","O"
157,16,"account","O"
158,16,"threeparticle","O"
159,16,"correlation","O"
160,16,"effects","O"
161,16,"well","O"
162,16,"local","O"
163,16,"nonlocal","O"
164,16,"electronhole","O"
165,16,"exchange","O"
166,16,"interaction","O"
167,16,"identi","O"
168,17,"angleresolved","O"
169,17,"optically","O"
170,17,"detected","O"
171,17,"magnetic","O"
172,17,"resonance","O"
173,17,"tool","O"
174,17,"strain","O"
175,17,"determination","O"
176,17,"nanostructures","O"
177,18,"abstract","O"
178,18,"paper","O"
179,18,"apply","O"
180,18,"angleresolved","O"
181,18,"optically","O"
182,18,"detected","O"
183,18,"magnetic","O"
184,18,"resonance","O"
185,18,"odmr","O"
186,18,"technique","O"
187,18,"study","O"
188,18,"series","O"
189,18,"strained","O"
190,18,"cd","B-MAT"
191,18,"mntecd","I-MAT"
192,18,"mgte","I-MAT"
193,18,"quantum","O"
194,18,"wells","O"
195,18,"qws","O"
196,18,"produced","O"
197,18,"molecular","O"
198,18,"beam","O"
199,18,"epitaxy","O"
200,19,"analyzing","O"
201,19,"characteristic","O"
202,19,"features","O"
203,19,"odmr","O"
204,19,"angular","O"
205,19,"scans","O"
206,19,"determine","O"
207,19,"straininduced","O"
208,19,"axialsymmetry","O"
209,19,"spin","O"
210,19,"hamiltonian","O"
211,19,"parameter","O"
212,19,"nev","O"
213,19,"precision","O"
214,20,"furthermore","O"
215,20,"use","O"
216,20,"lowtemperature","O"
217,20,"optical","O"
218,20,"reflectivity","O"
219,20,"measurements","O"
220,20,"xray","O"
221,20,"diffraction","O"
222,20,"scans","O"
223,20,"evaluate","O"
224,20,"local","O"
225,20,"strain","O"
226,20,"present","O"
227,20,"qw","O"
228,20,"material","O"
229,21,"analysis","O"
230,21,"take","O"
231,21,"account","O"
232,21,"different","O"
233,21,"thermal","O"
234,21,"expansion","O"
235,21,"coefficients","O"
236,21,"gaas","O"
237,21,"substrate","O"
238,21,"cdte","I-MAT"
239,21,"buffer","O"
240,22,"additional","O"
241,22,"deformation","O"
242,22,"due","O"
243,22,"thermal","O"
244,22,"expansion","O"
245,22,"effects","O"
246,22,"magnitude","O"
247,22,"deformation","O"
248,22,"origination","O"
249,22,"different","O"
250,22,"compositions","O"
251,22,"samples","O"
252,23,"based","O"
253,23,"evaluated","O"
254,23,"deformations","O"
255,23,"values","O"
256,23,"straininduced","O"
257,23,"axialsymmetry","O"
258,23,"spin","O"
259,23,"hamiltonian","O"
260,23,"parameter","O"
261,23,"find","O"
262,23,"strain","O"
263,23,"spinlattice","O"
264,23,"coefficient","O"
265,23,"g11","O"
266,23,722,"O"
267,23,19,"O"
268,23,"nev","O"
269,23,"mn2","B-MAT"
270,23,"cdte","I-MAT"
271,23,"shear","O"
272,23,"deformation","O"
273,23,"potential","O"
274,23,"b","O"
275,23,94,"O"
276,23,11,"O"
277,23,"ev","O"
278,23,"cdte","B-MAT"
279,24,"less","O"
280,25,"textitab","O"
281,25,"initio","O"
282,25,"study","O"
283,25,"magnetic","O"
284,25,"behavior","O"
285,25,"metal","O"
286,25,"hydrides","O"
287,25,"comparison","O"
288,25,"slaterpauling","O"
289,25,"curve","O"
290,26,"abstract","O"
291,26,"investigated","O"
292,26,"magnetic","O"
293,26,"behavior","O"
294,26,"metal","O"
295,26,"hydrides","O"
296,26,"feh","I-MAT"
297,26,"x","O"
298,26,"coh","B-MAT"
299,26,"x","O"
300,26,"nih","B-MAT"
301,26,"x","O"
302,26,"several","O"
303,26,"concentrations","O"
304,26,"hydrogen","O"
305,26,"x","O"
306,26,"using","O"
307,26,"density","O"
308,26,"functional","O"
309,26,"theory","O"
310,26,"calculations","O"
311,27,"several","O"
312,27,"structural","O"
313,27,"phases","O"
314,27,"metallic","O"
315,27,"host","O"
316,27,"bcc","O"
317,27,"fcc","O"
318,27,"hcp","O"
319,27,"dhcp","O"
320,27,"tetragonal","O"
321,27,"structure","O"
322,27,"feh","B-MAT"
323,27,"x","O"
324,28,"tailoring","O"
325,28,"ferromagnetism","B-PROP"
326,28,"electrically","O"
327,28,"controlled","O"
328,28,"morphology","O"
329,29,"abstract","O"
330,29,"converse","O"
331,29,"magnetoelectric","B-PROP"
332,29,"coupling","O"
333,29,"artificial","O"
334,29,"multiferroics","B-PROP"
335,29,"generally","O"
336,29,"modelled","O"
337,29,"three","O"
338,29,"possible","O"
339,29,"mechanisms","O"
340,29,"charge","O"
341,29,"transfer","O"
342,29,"strain","O"
343,29,"mediated","O"
344,29,"ion","O"
345,29,"migration","O"
346,30,"demonstrate","O"
347,30,"novel","O"
348,30,"highly","O"
349,30,"reliable","O"
350,30,"approach","O"
351,30,"electrically","O"
352,30,"controlled","O"
353,30,"morphological","O"
354,30,"modifications","O"
355,30,"control","O"
356,30,"ferromagnetic","B-PROP"
357,30,"response","O"
358,30,"magnetoelectric","B-PROP"
359,30,"heterostructure","O"
360,30,"specifically","O"
361,30,"fexmn1x","B-MAT"
362,30,"ferromagnetic","B-PROP"
363,30,"films","O"
364,30,"ferroelectric","B-PROP"
365,30,"pmnpt","B-MAT"
366,30,1,"O"
367,30,"substrates","O"
368,31,"ferroelectric","B-PROP"
369,31,"pmnpt","B-MAT"
370,31,"substrates","O"
371,31,"present","O"
372,31,"correspondence","O"
373,31,"electrical","O"
374,31,"switching","O"
375,31,"fully","O"
376,31,"reversible","O"
377,31,"morphological","O"
378,31,"changes","O"
379,31,"surface","O"
380,31,"correspond","O"
381,31,"reproducible","O"
382,31,"modifications","O"
383,31,"ferromagnetic","B-PROP"
384,31,"response","O"
385,31,"fexmn1x","B-MAT"
386,31,"films","O"
387,32,"topographic","O"
388,32,"analysis","O"
389,32,"atomic","O"
390,32,"force","O"
391,32,"microscopy","O"
392,32,"shows","O"
393,32,"formation","O"
394,32,"surface","O"
395,32,"cracks","O"
396,32,"application","O"
397,32,"positive","O"
398,32,"electric","O"
399,32,"field","O"
400,32,6,"O"
401,32,"kvcm","O"
402,32,"disappear","O"
403,32,"application","O"
404,32,"negative","O"
405,32,"voltage","O"
406,32,"amplitude","O"
407,33,"inoperando","O"
408,33,"xray","O"
409,33,"magnetic","O"
410,33,"circular","O"
411,33,"dichroic","O"
412,33,"spectroscopy","O"
413,33,"fe","B-MAT"
414,33,"edge","O"
415,33,"fexmn1x","B-MAT"
416,33,"layers","O"
417,33,"shows","O"
418,33,"local","O"
419,33,"variations","O"
420,33,"dichroic","O"
421,33,"signal","O"
422,33,"factor","O"
423,33,25,"O"
424,33,"function","O"
425,33,"electricallydriven","O"
426,33,"morphological","O"
427,33,"state","O"
428,34,"findings","O"
429,34,"highlight","O"
430,34,"role","O"
431,34,"morphology","O"
432,34,"surface","O"
433,34,"topography","O"
434,34,"key","O"
435,34,"aspect","O"
436,34,"magnetoelectric","B-PROP"
437,34,"coupling","O"
438,34,"whose","O"
439,34,"proof","O"
440,34,"electrically","O"
441,34,"reversible","O"
442,34,"modification","O"
443,34,"magnetic","O"
444,34,"response","O"
445,34,"adds","O"
446,34,"new","O"
447,34,"possibility","O"
448,34,"design","O"
449,34,"multiferroic","B-PROP"
450,34,"heterostructures","O"
451,34,"electrically","O"
452,34,"controlled","O"
453,34,"functionalities","O"
454,35,"less","O"
455,36,"first","O"
456,36,"order","O"
457,36,"magnetostructural","B-PROP"
458,36,"transition","O"
459,36,"magnetocaloric","B-PROP"
460,36,"effect","O"
461,36,"mnnige","B-MAT"
462,36,9,"O"
463,36,"ga","B-MAT"
464,36,1,"O"
465,37,"abstract","O"
466,37,"studied","O"
467,37,"via","O"
468,37,"powder","O"
469,37,"xray","O"
470,37,"diffraction","O"
471,37,"magnetization","O"
472,37,"measurements","O"
473,38,"temperature","O"
474,38,"dependent","O"
475,38,"xray","O"
476,38,"diffraction","O"
477,38,"measurements","O"
478,38,"reveal","O"
479,38,"magnetostructural","B-PROP"
480,38,"transition","O"
481,38,"remains","O"
482,38,"incomplete","O"
483,38,23,"O"
484,38,"k","O"
485,38,"resulting","O"
486,38,"coexistence","O"
487,38,"antiferromagnetic","B-PROP"
488,38,"ferromagnetic","I-PROP"
489,38,"phases","O"
490,38,"low","O"
491,38,"temperatures","O"
492,39,"fraction","O"
493,39,"high","O"
494,39,"temperature","O"
495,39,"ni","B-MAT"
496,39,2,"O"
497,39,"intype","O"
498,39,"hexagonal","O"
499,40,"spectroscopic","O"
500,40,"size","O"
501,40,"thickness","O"
502,40,"metrics","O"
503,40,"liquidexfoliated","O"
504,40,"hbn","B-MAT"
505,41,"abstract","O"
506,41,"many","O"
507,41,"2d","O"
508,41,"materials","O"
509,41,"optical","O"
510,41,"raman","O"
511,41,"spectra","O"
512,41,"richly","O"
513,41,"structured","O"
514,41,"convey","O"
515,41,"information","O"
516,41,"range","O"
517,41,"parameters","O"
518,41,"including","O"
519,41,"nanosheet","O"
520,41,"size","O"
521,41,"defect","O"
522,41,"content","O"
523,42,"contrast","O"
524,42,"equivalent","O"
525,42,"spectra","O"
526,42,"hbn","B-MAT"
527,42,"relatively","O"
528,42,"simple","O"
529,42,"absorption","O"
530,42,"raman","O"
531,42,"spectra","O"
532,42,"consisting","O"
533,42,"single","O"
534,42,"feature","O"
535,42,"disclosing","O"
536,42,"relatively","O"
537,42,"little","O"
538,42,"information","O"
539,43,"ability","O"
540,43,"sizeselect","O"
541,43,"liquidexfoliated","O"
542,43,"hbn","B-MAT"
543,43,"nanosheets","O"
544,43,"allowed","O"
545,43,"us","O"
546,43,"comprehensively","O"
547,43,"study","O"
548,43,"dependence","O"
549,43,"hbn","B-MAT"
550,43,"optical","O"
551,43,"spectra","O"
552,43,"nanosheet","B-STRUCT"
553,43,"dimensions","O"
554,44,"find",
555,44,"optical",
556,44,"extinction",
557,44,"coefficient",
558,44,"spectrum",
559,44,"vary",
560,44,"systematically",
561,44,"nanosheet",
562,44,"lateral",
563,44,"size",
564,44,"due",
565,44,"presence",
566,44,"light",
567,44,"scattering",
568,45,"conversely",
569,45,"light",
570,45,"scattering",
571,45,"decoupled",
572,45,"give",
573,45,"optical",
574,45,"absorbance",
575,45,"spectra",
576,45,"find",
577,45,"size",
578,45,"dependence",
579,45,"mostly",
580,45,"removed",
581,45,"save",
582,45,"weak",
583,45,"welldefined",
584,45,"variation",
585,45,"energy",
586,45,"peak",
587,45,"absorbance",
588,45,"nanosheet",
589,45,"thickness",
590,46,"finding",
591,46,"corroborated",
592,46,"ab",
593,46,"initio",
594,46,"gw",
595,46,"bethesalpeter",
596,46,"equation",
597,46,"calculations",
598,46,"include",
599,46,"electron",
600,46,"correlations",
601,46,"quasiparticle",
602,46,"selfconsistency",
603,46,"qsgw",
604,47,"addition",
605,47,"find",
606,47,"position",
607,47,"sole",
608,47,"hbn",
609,47,"raman",
610,47,"line",
611,47,"invariant",
612,47,"nanosheet",
613,47,"dimensions",
614,47,"linewidth",
615,47,"appears",
616,47,"vary",
617,47,"weakly",
618,47,"nanosheet",
619,47,"thickness",
620,48,"sizedependent",
621,48,"spectroscopic",
622,48,"properties",
623,48,"used",
624,48,"metrics",
625,48,"estimate",
626,48,"nanosheet",
627,48,"thickness",
628,48,"spectroscopic",
629,48,"data",
630,49,"less",
631,50,"empty",
632,50,"perovskites",
633,50,"coulomb",
634,50,"floppy",
635,50,"networks",
636,50,"entropic",
637,50,"elasticity",
638,50,"negative",
639,50,"thermal",
640,50,"expansion",
641,51,"abstract",
642,51,"floppy",
643,51,"networks",
644,51,"fns",
645,51,"provide",
646,51,"valuable",
647,51,"insight",
648,51,"origin",
649,51,"anomalous",
650,51,"mechanical",
651,51,"thermal",
652,51,"properties",
653,51,"soft",
654,51,"matter",
655,51,"systems",
656,51,"polymers",
657,51,"rubber",
658,51,"biomolecules",
659,51,"glasses",
660,51,"granular",
661,51,"materials",
662,52,"use",
663,52,"fn",
664,52,"concept",
665,52,"construct",
666,52,"quantitative",
667,52,"microscopic",
668,52,"theory",
669,52,"empty",
670,52,"perovskites",
671,52,"family",
672,52,"crystals",
673,52,"reo",
674,52,3,
675,52,"structure",
676,52,"exhibit",
677,52,"number",
678,52,"unusual",
679,52,"properties",
680,53,"one",
681,53,"remarkable",
682,53,"example",
683,53,"scf",
684,53,3,
685,53,"shows",
686,53,"nearzerotemperature",
687,53,"structural",
688,53,"instability",
689,53,"large",
690,53,"negative",
691,53,"thermal",
692,53,"expansion",
693,53,"nte",
694,54,"trace",
695,54,"effects",
696,54,"fnlike",
697,54,"crystalline",
698,54,"architecture",
699,54,"formed",
700,54,"strong",
701,54,"nearestneighbor",
702,54,"bonds",
703,54,"stabilized",
704,54,"net",
705,54,"electrostatic",
706,54,"repulsion",
707,54,"plays",
708,54,"role",
709,54,"similar",
710,54,"osmotic",
711,54,"pressure",
712,54,"polymeric",
713,54,"gels",
714,55,"nte",
715,55,"crystalline",
716,55,"solids",
717,55,"conceptualize",
718,55,"coulomb",
719,55,"floppy",
720,55,"networks",
721,55,"emerges",
722,55,"tension",
723,55,"effect",
724,55,"coulomb",
725,55,"repulsion",
726,55,"combined",
727,55,"fns",
728,55,"entropic",
729,55,"elasticity",
730,55,"physical",
731,55,"origin",
732,55,"gels",
733,55,"rubber",
734,56,"theory",
735,56,"provides",
736,56,"accurate",
737,56,"quantitative",
738,56,"description",
739,56,"phonons",
740,56,"thermal",
741,56,"expansion",
742,56,"compressibility",
743,56,"structural",
744,56,"phase",
745,56,"diagram",
746,56,"excellent",
747,56,"agreement",
748,56,"experiments",
749,57,"entropic",
750,57,"stabilization",
751,57,"critical",
752,57,"soft",
753,57,"modes",
754,57,"play",
755,57,"secondary",
756,57,"role",
757,57,"nte",
758,57,"explains",
759,57,"observed",
760,57,"phase",
761,57,"diagram",
762,58,"significant",
763,58,"entropic",
764,58,"elasticity",
765,58,"resolves",
766,58,"puzzle",
767,58,"marked",
768,58,50,
769,58,"discrepancy",
770,58,"experimentally",
771,58,"observed",
772,58,"bulk",
773,58,"modulus",
774,58,"ab",
775,58,"initio",
776,58,"calculations",
777,59,"coulomb",
778,59,"fn",
779,59,"approach",
780,59,"potentially",
781,59,"applicable",
782,59,"important",
783,59,"materials",
784,59,"markedly",
785,59,"covalent",
786,59,"bonds",
787,59,"perovskite",
788,59,"oxides",
789,59,"iron",
790,59,"chalcogenides",
791,59,"whose",
792,59,"anomalous",
793,59,"vibrational",
794,59,"structural",
795,59,"properties",
796,59,"still",
797,59,"poorly",
798,59,"understood",
799,60,"less",
800,61,"new",
801,61,"type",
802,61,"halfmetallic",
803,61,"fully",
804,61,"compensated",
805,61,"ferrimagnet",
806,62,"abstract",
807,62,"halfmetallic",
808,62,"fully",
809,62,"compensated",
810,62,"ferrimagnets",
811,62,"hmfcfms",
812,62,"special",
813,62,"class",
814,62,"halfmetals",
815,62,"exhibiting",
816,62,"zero",
817,62,"magnetization",
818,62,"absolute",
819,62,"zero",
820,62,"promising",
821,62,"candidates",
822,62,"nextgeneration",
823,62,"spintronics",
824,62,"applications",
825,63,25,
826,63,"years",
827,63,"theoretical",
828,63,"studies",
829,63,"conducted",
830,63,"realize",
831,63,"hmfcfm",
832,63,"materials",
833,63,"practical",
834,63,"applications",
835,64,"herein",
836,64,"experimentally",
837,64,"demonstrate",
838,64,"niastype",
839,64,"hexagonalstructured",
840,64,"crfes",
841,64,"compound",
842,64,"could",
843,64,"serve",
844,64,"hmfcfm",
845,64,"material",
846,65,"halfmetallic",
847,65,"nature",
848,65,100,
849,65,"spinpolarized",
850,65,"fermi",
851,65,"surfaces",
852,65,"zero",
853,65,"magnetization",
854,66,"magnetization",
855,66,"shows",
856,66,"linear",
857,66,"behavior",
858,66,"function",
859,66,"magnetic",
860,66,"field",
861,66,"compensation",
862,66,"temperature",
863,66,"around",
864,66,200,
865,66,"k",
866,66,"high",
867,66,"magnetic",
868,66,"coercivity",
869,66,38,
870,66,"koe",
871,66,300,
872,66,"k",
873,66,"magnetic",
874,66,"features",
875,66,"expected",
876,66,"contribute",
877,66,"quantum",
878,66,"leap",
879,66,"application",
880,66,"hmfcfm",
881,66,"layers",
882,66,"spintronics",
883,66,"devices",
884,67,"less",
885,68,"distinguishing",
886,68,"failure",
887,68,"modes",
888,68,"molecular",
889,68,"level",
890,68,"examining",
891,68,"heterogeneity",
892,68,"local",
893,68,"structures",
894,68,"dynamics",
895,69,"abstract",
896,69,"brittle",
897,69,"failure",
898,69,"ubiquitous",
899,69,"amorphous",
900,69,"materials",
901,69,"sufficiently",
902,69,"cooled",
903,69,"glass",
904,69,"transition",
905,69,"temperature",
906,69,"g",
907,70,"catastrophic",
908,70,"failure",
909,70,"mode",
910,70,"limiting",
911,70,"amorphous",
912,70,"materials",
913,70,"many",
914,70,"applications",
915,70,"many",
916,70,"fundamental",
917,70,"questions",
918,70,"surrounding",
919,70,"remain",
920,70,"poorly",
921,70,"understood",
922,71,"two",
923,71,"challenges",
924,71,"prevent",
925,71,"fundamental",
926,71,"understanding",
927,71,"transition",
928,71,"ductile",
929,71,"response",
930,71,"temperatures",
931,71,"near",
932,71,"g",
933,71,"brittle",
934,71,"failure",
935,71,"lower",
936,71,"temperatures",
937,71,"lack",
938,71,"computationally",
939,71,"inexpensive",
940,71,"molecular",
941,71,"models",
942,71,"capture",
943,71,"failure",
944,71,"modes",
945,71,"observed",
946,71,"experiments",
947,71,"ii",
948,71,"lack",
949,71,"quantitative",
950,71,"metrics",
951,71,"distinguish",
952,71,"various",
953,71,"failure",
954,71,"mechanisms",
955,72,"work",
956,72,"use",
957,72,"molecular",
958,72,"dynamics",
959,72,"simulations",
960,72,"capture",
961,72,"ductiletobrittle",
962,72,"transition",
963,72,"glassforming",
964,72,"shortchain",
965,72,"polymer",
966,72,"systems",
967,72,"using",
968,72,"modified",
969,72,"lennardjones",
970,72,"potential",
971,72,"describe",
972,72,"nonbonded",
973,72,"interactions",
974,72,"monomers",
975,73,"characterized",
976,73,"effects",
977,73,"new",
978,73,"potential",
979,73,"macroscopic",
980,73,"mechanical",
981,73,"properties",
982,73,"well",
983,73,"microscopic",
984,73,"structural",
985,73,"dynamical",
986,73,"differences",
987,73,"deformation",
988,74,"lastly",
989,74,"present",
990,74,"quantitative",
991,74,"metrics",
992,74,"distinguish",
993,74,"different",
994,74,"failure",
995,74,"modes",
996,75,"less",
997,76,"multistate",
998,76,"metadynamics",
999,76,"automatic",
1000,76,"exploration",
1001,76,"conical",
1002,76,"intersections",
1003,77,"abstract",
1004,77,"introduce",
1005,77,"multistate",
1006,77,"metadynamics",
1007,77,"automatic",
1008,77,"exploration",
1009,77,"conical",
1010,77,"intersection",
1011,77,"seams",
1012,77,"adiabatic",
1013,77,"bornoppenheimer",
1014,77,"potential",
1015,77,"energy",
1016,77,"surfaces",
1017,77,"molecular",
1018,77,"systems",
1019,78,"choosing",
1020,78,"energy",
1021,78,"gap",
1022,78,"electronic",
1023,78,"states",
1024,78,"collective",
1025,78,"variable",
1026,78,"metadynamics",
1027,78,"drives",
1028,78,"system",
1029,78,"arbitrary",
1030,78,"groundstate",
1031,78,"configuration",
1032,78,"toward",
1033,78,"intersection",
1034,78,"seam",
1035,79,"upon",
1036,79,"reaching",
1037,79,"seam",
1038,79,"multistate",
1039,79,"electronic",
1040,79,"hamiltonian",
1041,79,"extended",
1042,79,"introducing",
1043,79,"biasing",
1044,79,"potentials",
1045,79,"offdiagonal",
1046,79,"elements",
1047,79,"molecular",
1048,79,"dynamics",
1049,79,"continued",
1050,79,"modified",
1051,79,"potential",
1052,79,"energy",
1053,79,"surface",
1054,79,"obtained",
1055,79,"diagonalization",
1056,79,"latter",
1057,80,"offdiagonal",
1058,80,"bias",
1059,80,"serves",
1060,80,"locally",
1061,80,"open",
1062,80,"energy",
1063,80,"gap",
1064,80,"push",
1065,80,"system",
1066,80,"next",
1067,80,"intersection",
1068,80,"point",
1069,81,"way",
1070,81,"conical",
1071,81,"intersection",
1072,81,"energy",
1073,81,"landscape",
1074,81,"explored",
1075,81,"identifying",
1076,81,"minimum",
1077,81,"energy",
1078,81,"crossing",
1079,81,"points",
1080,81,"barriers",
1081,81,"separating",
1082,82,"illustrate",
1083,82,"method",
1084,82,"example",
1085,82,"furan",
1086,82,"prototype",
1087,82,"organic",
1088,82,"molecule",
1089,82,"exhibiting",
1090,82,"rich",
1091,82,"photophysics",
1092,83,"multistate",
1093,83,"metadynamics",
1094,83,"reveals",
1095,83,"plateaus",
1096,83,"conical",
1097,83,"intersection",
1098,83,"energy",
1099,83,"landscape",
1100,83,"minimum",
1101,83,"energy",
1102,83,"crossing",
1103,83,"points",
1104,83,"characteristic",
1105,83,"geometries",
1106,83,"extracted",
1107,84,"method",
1108,84,"combined",
1109,84,"broad",
1110,84,"spectrum",
1111,84,"electronic",
1112,84,"structure",
1113,84,"methods",
1114,84,"represents",
1115,84,"generally",
1116,84,"applicable",
1117,84,"tool",
1118,84,"exploration",
1119,84,"photophysics",
1120,84,"photochemistry",
1121,84,"complex",
1122,84,"molecules",
1123,84,"materials",
1124,85,"less",
1125,86,"connection",
1126,86,"topological",
1127,86,"ligaments",
1128,86,"shape",
1129,86,"optimization",
1130,86,"thin",
1131,86,"tubular",
1132,86,"inhomogeneities",
1133,87,"abstract",
1134,87,"framework",
1135,87,"accounting",
1136,87,"sensitivity",
1137,87,"function",
1138,87,"domain",
1139,87,"respect",
1140,87,"addition",
1141,87,"thin",
1142,87,"ligament",
1143,88,"set",
1144,88,"ideas",
1145,88,"consider",
1146,88,"model",
1147,88,"setting",
1148,88,"elastic",
1149,88,"structures",
1150,88,"approximate",
1151,88,"question",
1152,88,"thin",
1153,88,"tubular",
1154,88,"inhomogeneity",
1155,88,"problem",
1156,88,"look",
1157,88,"sensitivity",
1158,88,"solution",
1159,88,"partial",
1160,88,"differential",
1161,88,"equation",
1162,88,"posed",
1163,88,"inside",
1164,88,"backgro",
1165,89,"investigation",
1166,89,"structural",
1167,89,"electronic",
1168,89,"magnetic",
1169,89,"properties",
1170,89,"co2fege",
1171,89,"heusler",
1172,89,"alloy",
1173,89,"experiment",
1174,89,"theory",
1175,90,"abstract",
1176,90,"experimental",
1177,90,"computational",
1178,90,"studies",
1179,90,"performed",
1180,90,"co2fege",
1181,90,"heusler",
1182,90,"alloy",
1183,91,"found",
1184,91,"alloy",
1185,91,"high",
1186,91,"experimental",
1187,91,"magnetic",
1188,91,"moment",
1189,91,61,
1190,91,"mubfu",
1191,91,"curie",
1192,91,"temperature",
1193,91,"1073k",
1194,91,"high",
1195,91,"spinwave",
1196,91,"stiffness",
1197,91,"constant",
1198,91,104,
1199,91,"nm2mev",
1200,91,"indicates",
1201,91,"magnetic",
1202,91,"moment",
1203,91,"high",
1204,91,"vary",
1205,91,"change",
1206,91,"temperature",
1207,91,"range",
1208,91,"0300k",
1209,92,"alloy",
1210,92,"strictly",
1211,92,"follows",
1212,92,"slaterpauling",
1213,92,"sp",
1214,92,"rule",
1215,92,"minor",
1216,92,"experimental",
1217,92,"deviation",
1218,92,"sp",
1219,92,"value",
1220,92,"justified",
1221,92,"fullpotential",
1222,92,"density",
1223,92,"functional",
1224,92,"calculations",
1225,92,"gives",
1226,92,"accurate",
1227,92,"result",
1228,92,"electronelectron",
1229,92,"correlation",
1230,92,"parameter",
1231,92,"u",
1232,92,"taken",
1233,92,"account",
1234,92,"conventional",
1235,92,"gga",
1236,92,"method",
1237,93,"effect",
1238,93,"lattice",
1239,93,"strain",
1240,93,"electron",
1241,93,"correlation",
1242,93,"individual",
1243,93,"atomic",
1244,93,"moments",
1245,93,"total",
1246,93,"magnetic",
1247,93,"moment",
1248,93,"spinpolarization",
1249,93,"studied",
1250,93,"detail",
1251,93,"concluded",
1252,93,"role",
1253,93,"deviation",
1254,93,"experimental",
1255,93,"results",
1256,93,"expected",
1257,93,"theoretical",
1258,93,"values",
1259,94,"less",
1260,95,"topological",
1261,95,"insulator",
1262,95,"materials",
1263,95,"advanced",
1264,95,"optoelectronic",
1265,95,"devices",
1266,96,"abstract",
1267,96,"topological",
1268,96,"insulators",
1269,96,"quantum",
1270,96,"materials",
1271,96,"insulating",
1272,96,"bulk",
1273,96,"state",
1274,96,"topologically",
1275,96,"protected",
1276,96,"metallic",
1277,96,"surface",
1278,96,"state",
1279,96,"spin",
1280,96,"momentum",
1281,96,"helical",
1282,96,"locking",
1283,96,"diraclike",
1284,96,"band",
1285,96,"structure",
1286,97,"unique",
1287,97,"fascinating",
1288,97,"electronic",
1289,97,"properties",
1290,97,"quantum",
1291,97,"spin",
1292,97,"hall",
1293,97,"effect",
1294,97,"quantum",
1295,97,"anomalous",
1296,97,"hall",
1297,97,"effect",
1298,97,"topological",
1299,97,"magnetoelectric",
1300,97,"effect",
1301,97,"well",
1302,97,"magnetic",
1303,97,"monopole",
1304,97,"images",
1305,97,"majorana",
1306,97,"fermions",
1307,97,"observed",
1308,97,"topological",
1309,97,"insulator",
1310,97,"materials",
1311,98,"unique",
1312,98,"properties",
1313,98,"topological",
1314,98,"insulator",
1315,98,"materials",
1316,98,"great",
1317,98,"potential",
1318,98,"applications",
1319,98,"spintronics",
1320,98,"quantum",
1321,98,"information",
1322,98,"processing",
1323,98,"well",
1324,98,"magnetoelectric",
1325,98,"devices",
1326,98,"higher",
1327,98,"efficiency",
1328,98,"lower",
1329,98,"energy",
1330,98,"consumption",
1331,99,"hand",
1332,99,"topological",
1333,99,"insulator",
1334,99,"materials",
1335,99,"also",
1336,99,"exhibit",
1337,99,"number",
1338,99,"excellent",
1339,99,"optical",
1340,99,"properties",
1341,99,"including",
1342,99,"kerr",
1343,99,"faraday",
1344,99,"rotation",
1345,99,"ultrahigh",
1346,99,"bulk",
1347,99,"refractive",
1348,99,"index",
1349,99,"nearinfrared",
1350,99,"frequency",
1351,99,"transparency",
1352,99,"unusual",
1353,99,"electromagnetic",
1354,99,"scattering",
1355,99,"ultrabroadband",
1356,99,"surface",
1357,99,"plasmon",
1358,99,"resonances",
1359,100,"specifically",
1360,100,"dirac",
1361,100,"plasmon",
1362,100,"excitations",
1363,100,"observed",
1364,100,"bi2se3",
1365,100,"microribbon",
1366,100,"arrays",
1367,100,"thz",
1368,100,"frequencies",
1369,101,"ultraviolet",
1370,101,"visible",
1371,101,"frequency",
1372,101,"plasmonics",
1373,101,"observed",
1374,101,"nanoslit",
1375,101,"nanocone",
1376,101,"arrays",
1377,101,"bi15sb05te18se12",
1378,101,"crystals",
1379,102,"high",
1380,102,"transparency",
1381,102,"observed",
1382,102,"bi2se3",
1383,102,"nanoplates",
1384,103,"ultrahigh",
1385,103,"refractive",
1386,103,"index",
1387,103,"observed",
1388,103,"bulk",
1389,103,"bi15sb05te18se12",
1390,103,"crystals",
1391,103,"well",
1392,103,"sb2te3",
1393,103,"thin",
1394,103,"films",
1395,104,"excellent",
1396,104,"optical",
1397,104,"properties",
1398,104,"mean",
1399,104,"topological",
1400,104,"insulator",
1401,104,"materials",
1402,104,"suitable",
1403,104,"various",
1404,104,"optoelectronic",
1405,104,"devices",
1406,104,"including",
1407,104,"plasmonic",
1408,104,"solar",
1409,104,"cells",
1410,104,"ultrathin",
1411,104,"holograms",
1412,104,"plasmonic",
1413,104,"fresnel",
1414,104,"lens",
1415,104,"broadband",
1416,104,"photodetectors",
1417,104,"nanoscale",
1418,104,"waveguides",
1419,105,"chapter",
1420,105,"focus",
1421,105,"excellent",
1422,105,"electronic",
1423,105,"optical",
1424,105,"properties",
1425,105,"topological",
1426,105,"insulator",
1427,105,"materials",
1428,105,"wide",
1429,105,"applications",
1430,105,"advanced",
1431,105,"optoelectronic",
1432,105,"devices",
1433,106,"less",
1434,107,"detailed",
1435,107,"physical",
1436,107,"property",
1437,107,"characterization",
1438,107,"fete1xsex",
1439,107,"x",
1440,107,0,
1441,107,50,
1442,107,"single",
1443,107,"crystals",
1444,108,"abstract",
1445,108,"coupled",
1446,108,"magnetic",
1447,108,"structural",
1448,108,"phase",
1449,108,"transition",
1450,108,"temperature",
1451,108,"seen",
1452,108,"step",
1453,108,"resistivity",
1454,108,"lower",
1455,108,"se",
1456,108,"concentration",
1457,108,"detected",
1458,108,"higher",
1459,108,"x",
1460,108,"values",
1461,109,"superconductivity",
1462,109,"observed",
1463,109,"resistivity",
1464,109,"measurement",
1465,109,"higher",
1466,109,"se",
1467,109,"concentration",
1468,109,"maximum",
1469,109,"temperature",
1470,109,"14k",
1471,109,"x",
1472,109,50,
1473,110,"thermally",
1474,110,"activated",
1475,110,"flux",
1476,110,"flow",
1477,110,"taff",
1478,110,"analysis",
1479,110,"based",
1480,110,"high",
1481,111,"strong",
1482,111,"polarizing",
1483,111,"field",
1484,111,"thinfilm",
1485,111,"paraelectrics",
1486,112,"abstract",
1487,112,"surface",
1488,112,"charge",
1489,112,"associated",
1490,112,"spontaneous",
1491,112,"polarization",
1492,112,"ferroelectrics",
1493,112,"well",
1494,112,"known",
1495,112,"cause",
1496,112,"depolarizing",
1497,112,"field",
1498,112,"particularly",
1499,112,"detrimental",
1500,112,"thinfilm",
1501,112,"geometry",
1502,112,"desirable",
1503,112,"microelectronic",
1504,112,"devices",
1505,113,"incomplete",
1506,113,"screening",
1507,113,"surface",
1508,113,"charge",
1509,113,"example",
1510,113,"metallic",
1511,113,"electrodes",
1512,113,"surface",
1513,113,"adsorbates",
1514,113,"lead",
1515,113,"formation",
1516,113,"domains",
1517,113,"suppression",
1518,113,"reorientation",
1519,113,"polarization",
1520,113,"even",
1521,113,"stabilization",
1522,113,"higher",
1523,113,"energy",
1524,113,"nonpolar",
1525,113,"phase",
1526,114,"huge",
1527,114,"amount",
1528,114,"research",
1529,114,"development",
1530,114,"effort",
1531,114,"invested",
1532,114,"understanding",
1533,114,"depolarizing",
1534,114,"behavior",
1535,114,"minimizing",
1536,114,"unfavorable",
1537,114,"effects",
1538,115,"demonstrate",
1539,115,"opposite",
1540,115,"behavior",
1541,115,"strong",
1542,115,"polarizing",
1543,115,"field",
1544,115,"drives",
1545,115,"thin",
1546,115,"films",
1547,115,"materials",
1548,115,"centrosymmetric",
1549,115,"paraelectric",
1550,115,"bulk",
1551,115,"form",
1552,115,"noncentrosymmetric",
1553,115,"polar",
1554,115,"state",
1555,116,"illustrate",
1556,116,"behavior",
1557,116,"using",
1558,116,"density",
1559,116,"functional",
1560,116,"computations",
1561,116,"perovskitestructure",
1562,116,"potassium",
1563,116,"tantalate",
1564,116,"ktao",
1565,116,3,
1566,116,"considerable",
1567,116,"interest",
1568,116,"high",
1569,116,"dielectric",
1570,116,"constant",
1571,116,"proximity",
1572,116,"quantum",
1573,116,"critical",
1574,116,"point",
1575,116,"superconductivity",
1576,117,"provide",
1577,117,"simple",
1578,117,"recipe",
1579,117,"identify",
1580,117,"whether",
1581,117,"particular",
1582,117,"material",
1583,117,"film",
1584,117,"orientation",
1585,117,"exhibit",
1586,117,"effect",
1587,117,"develop",
1588,117,"electrostatic",
1589,117,"model",
1590,117,"estimate",
1591,117,"critical",
1592,117,"thickness",
1593,117,"induced",
1594,117,"polarization",
1595,117,"terms",
1596,117,"wellknown",
1597,117,"material",
1598,117,"parameters",
1599,118,"results",
1600,118,"provide",
1601,118,"practical",
1602,118,"guidelines",
1603,118,"exploiting",
1604,118,"electrostatic",
1605,118,"properties",
1606,118,"thinfilm",
1607,118,"ionic",
1608,118,"insulators",
1609,118,"engineer",
1610,118,"novel",
1611,118,"functionalities",
1612,118,"nanoscale",
1613,118,"devices",
1614,119,"less",
1615,120,"dominant",
1616,120,"fifthorder",
1617,120,"correlations",
1618,120,"doped",
1619,120,"quantum",
1620,120,"antiferromagnets",
1621,121,"abstract",
1622,121,"traditionally",
1623,121,"one",
1624,121,"twopoint",
1625,121,"correlation",
1626,121,"functions",
1627,121,"used",
1628,121,"characterize",
1629,121,"manybody",
1630,121,"systems",
1631,122,"strongly",
1632,122,"correlated",
1633,122,"quantum",
1634,122,"materials",
1635,122,"doped",
1636,122,"2d",
1637,122,"fermihubbard",
1638,122,"system",
1639,122,"may",
1640,122,"longer",
1641,122,"sufficient",
1642,122,"higherorder",
1643,122,"correlations",
1644,122,"crucial",
1645,122,"understanding",
1646,122,"character",
1647,122,"manybody",
1648,122,"system",
1649,122,"numerically",
1650,122,"dominant",
1651,123,"experimentally",
1652,123,"higherorder",
1653,123,"correlations",
1654,123,"recently",
1655,123,"become",
1656,123,"accessible",
1657,123,"ultracold",
1658,123,"atom",
1659,123,"systems",
1660,124,"reveal",
1661,124,"strong",
1662,124,"nongaussian",
1663,124,"correlations",
1664,124,"doped",
1665,124,"quantum",
1666,124,"antiferromagnets",
1667,124,"show",
1668,124,"higher",
1669,124,"order",
1670,124,"correlations",
1671,124,"dominate",
1672,124,"lowerorder",
1673,124,"terms",
1674,125,"study",
1675,125,"single",
1676,125,"mobile",
1677,125,"hole",
1678,125,"tj",
1679,125,"model",
1680,125,"using",
1681,125,"dmrg",
1682,125,"reveal",
1683,125,"genuine",
1684,125,"fifthorder",
1685,125,"correlations",
1686,125,"directly",
1687,125,"related",
1688,125,"mobility",
1689,125,"dopant",
1690,126,"contrast",
1691,126,"results",
1692,126,"predictions",
1693,126,"using",
1694,126,"models",
1695,126,"based",
1696,126,"doped",
1697,126,"quantum",
1698,126,"spin",
1699,126,"liquids",
1700,126,"feature",
1701,126,"significantly",
1702,126,"reduced",
1703,126,"higherorder",
1704,126,"correlations",
1705,127,"predictions",
1706,127,"tested",
1707,127,"lowest",
1708,127,"currently",
1709,127,"accessible",
1710,127,"temperatures",
1711,127,"quantum",
1712,127,"simulators",
1713,127,"2d",
1714,127,"fermihubbard",
1715,127,"model",
1716,128,"finally",
1717,128,"propose",
1718,128,"experimentally",
1719,128,"study",
1720,128,"fifthorder",
1721,128,"spincharge",
1722,128,"correlations",
1723,128,"function",
1724,128,"doping",
1725,129,"help",
1726,129,"reveal",
1727,129,"microscopic",
1728,129,"nature",
1729,129,"charge",
1730,129,"carriers",
1731,129,"debated",
1732,129,"regime",
1733,129,"hubbard",
1734,129,"model",
1735,129,"relevant",
1736,129,"understanding",
1737,129,"high",
1738,129,"c",
1739,129,"superconductivity",
1740,130,"less",
1741,131,"correlated",
1742,131,"bedtttf",
1743,131,"molecular",
1744,131,"conductors",
1745,131,"critical",
1746,131,"temperatures",
1747,131,"gap",
1748,131,"symmetries",
1749,132,"starting",
1750,132,"ab",
1751,132,"initioderived",
1752,132,"twosite",
1753,132,"dimer",
1754,132,"hubbard",
1755,132,"hamiltonian",
1756,132,"triangular",
1757,132,"lattice",
1758,132,"calculate",
1759,132,"superconducting",
1760,132,"gap",
1761,132,"functions",
1762,132,"critical",
1763,132,"temperatures",
1764,132,"representative",
1765,132,"bedtttf",
1766,132,2,
1767,132,"x",
1768,132,"superconductors",
1769,132,"solving",
1770,132,"linearized",
1771,132,"eliashberg",
1772,132,"equation",
1773,132,"using",
1774,132,"twoparticle",
1775,132,"selfconsistent",
1776,132,"approach",
1777,132,"tpsc",
1778,132,"extended",
1779,132,"multisite",
1780,132,"problem",
1781,133,"multiband",
1782,133,"superconductivity",
1783,133,"charge",
1784,133,"density",
1785,133,"waves",
1786,133,"nidoped",
1787,133,"topological",
1788,133,"semimetal",
1789,133,"zrte",
1790,133,2,
1791,134,"abstract",
1792,134,"k",
1793,134,"superconductivity",
1794,134,"c",
1795,134,41,
1796,134,"k",
1797,134,"report",
1798,134,"first",
1799,134,"time",
1800,135,"temperature",
1801,135,"dependence",
1802,135,"lower",
1803,135,"h",
1804,135,"c",
1805,135,1,
1806,135,"upper",
1807,135,"h",
1808,135,"c",
1809,135,2,
1810,135,"critical",
1811,135,"magnetic",
1812,135,"fields",
1813,135,"deviate",
1814,135,"significantly",
1815,135,"behaviors",
1816,135,"expected",
1817,135,"conventional",
1818,135,"singlegap",
1819,135,"swave",
1820,135,"superconductors",
1821,136,"however",
1822,136,"behaviors",
1823,136,"normalized",
1824,136,"superfluid",
1825,136,"density",
1826,137,"machine",
1827,137,"learning",
1828,137,"modeling",
1829,137,"critical",
1830,137,"temperature",
1831,138,"focus",
1832,138,"enormous",
1833,138,"research",
1834,138,"effort",
1835,138,"since",
1836,138,"discovery",
1837,138,"century",
1838,138,"ago",
1839,139,"yet",
1840,139,"features",
1841,139,"unique",
1842,139,"phenomenon",
1843,139,"remain",
1844,139,"poorly",
1845,139,"understood",
1846,139,"prime",
1847,139,"among",
1848,139,"connection",
1849,140,"afese2",
1850,140,"atl",
1851,140,"k",
1852,140,"rb",
1853,140,"cs",
1854,140,"ironbased",
1855,140,"superconducting",
1856,140,"analog",
1857,140,"cuprates",
1858,141,"abstract",
1859,141,"long",
1860,141,"challenging",
1861,141,"task",
1862,141,"find",
1863,141,"compounds",
1864,141,"similar",
1865,141,"crystal",
1866,141,"electronic",
1867,141,"structures",
1868,141,"cuprate",
1869,141,"superconductors",
1870,141,"low",
1871,141,"dimensionality",
1872,141,"strong",
1873,141,"antiferromagnetic",
1874,141,"fluctuations",
1875,142,"parent",
1876,142,"compounds",
1877,142,"cuprate",
1878,142,"superconductors",
1879,142,"mott",
1880,142,"insulators",
1881,142,"strong",
1882,142,"inplane",
1883,142,"antiferromagnetic",
1884,142,"exchange",
1885,142,"interactions",
1886,142,"cu",
1887,142,"moments",
1888,143,"show",
1889,143,"based",
1890,143,"firstprinciples",
1891,143,"density",
1892,143,"functional",
1893,143,"calculations",
1894,143,"afese2",
1895,143,"atl",
1896,143,"k",
1897,143,"rb",
1898,143,"cs",
1899,143,"exhibit",
1900,143,"many",
1901,143,"physical",
1902,143,"properties",
1903,143,"common",
1904,143,"cuprate",
1905,143,"parent",
1906,143,"compounds",
1907,143,1,
1908,143,"fese2",
1909,143,"layer",
1910,143,"afese2",
1911,143,"similar",
1912,143,"crystalline",
1913,143,"electronic",
1914,143,"structures",
1915,143,"cuo2",
1916,143,"plane",
1917,143,"cuprates",
1918,143,"although",
1919,143,"se",
1920,143,"atoms",
1921,143,"coplanar",
1922,143,"square",
1923,143,"felattice",
1924,143,2,
1925,143,"antiferromagnetic",
1926,143,"insulators",
1927,143,"relatively",
1928,143,"small",
1929,143,"charge",
1930,143,"excitation",
1931,143,"gaps",
1932,143,3,
1933,143,"ground",
1934,143,"states",
1935,143,"neel",
1936,143,"antiferromagnetic",
1937,143,"ordered",
1938,143,"similar",
1939,143,"cuprates",
1940,143,4,
1941,143,"antiferromagnetic",
1942,143,"exchange",
1943,143,"interactions",
1944,143,"fe",
1945,143,"moments",
1946,143,"larger",
1947,143,"ironbased",
1948,143,"superconducting",
1949,143,"materials",
1950,143,"comparable",
1951,143,"cuprates",
1952,144,"like",
1953,144,"cuprates",
1954,144,"compounds",
1955,144,"may",
1956,144,"become",
1957,144,"hightc",
1958,144,"superconductors",
1959,144,"upon",
1960,144,"doping",
1961,144,"charge",
1962,144,"carriers",
1963,144,"either",
1964,144,"chemical",
1965,144,"substitution",
1966,144,"intercalation",
1967,144,"liquid",
1968,144,"solid",
1969,144,"gating",
1970,145,"less",
1971,146,"evolution",
1972,146,"superconductivity",
1973,146,"charge",
1974,146,"order",
1975,146,"pressurized",
1976,146,"rbv",
1977,146,3,
1978,146,"sb",
1979,146,5,
1980,147,"abstract",
1981,147,"kagome",
1982,147,"metals",
1983,147,"v",
1984,147,3,
1985,147,"sb",
1986,147,5,
1987,147,"k",
1988,147,"rb",
1989,147,"cs",
1990,147,"ambient",
1991,147,"pressure",
1992,147,"exhibit",
1993,147,"unusual",
1994,147,"charge",
1995,147,"order",
1996,147,"superconductivity",
1997,147,"emerges",
1998,148,"work",
1999,148,"applying",
2000,148,"hydrostatic",
2001,148,"pressure",
2002,148,"using",
2003,148,"liquid",
2004,148,"pressure",
2005,148,"medium",
2006,148,"carrying",
2007,148,"electrical",
2008,148,"resistance",
2009,148,"measurements",
2010,148,"rbv",
2011,148,3,
2012,148,"sb",
2013,148,5,
2014,148,"find",
2015,148,"charge",
2016,148,"order",
2017,148,"becomes",
2018,148,"suppressed",
2019,148,"modest",
2020,148,"pressure",
2021,148,"p",
2022,148,"c",
2023,148,14,
2024,148,"p",
2025,148,"c",
2026,148,16,
2027,148,"gpa",
2028,148,"superconducting",
2029,148,"transition",
2030,148,"temperature",
2031,148,"c",
2032,148,"maximized",
2033,149,"c",
2034,149,"gradually",
2035,149,"weakened",
2036,149,"increase",
2037,149,"pressure",
2038,149,"exhibiting",
2039,149,"another",
2040,149,"maxima",
2041,149,"around",
2042,149,228,
2043,149,"gpa",
2044,149,"signifying",
2045,149,"presence",
2046,149,"second",
2047,149,"superconducting",
2048,149,"dome",
2049,150,"distinct",
2050,150,"normal",
2051,150,"state",
2052,150,"resistance",
2053,150,"anomalies",
2054,150,"found",
2055,150,"associated",
2056,150,"second",
2057,150,"superconducting",
2058,150,"dome",
2059,150,"similar",
2060,150,"kv",
2061,150,3,
2062,150,"sb",
2063,150,5,
2064,151,"findings",
2065,151,"point",
2066,151,"qualitatively",
2067,151,"similar",
2068,151,"temperaturepressure",
2069,151,"phase",
2070,151,"diagrams",
2071,151,"kv",
2072,151,3,
2073,151,"sb",
2074,151,5,
2075,151,"rbv",
2076,151,3,
2077,151,"sb",
2078,151,5,
2079,151,"suggesting",
2080,151,"link",
2081,151,"second",
2082,151,"superconducting",
2083,151,"dome",
2084,151,"highpressure",
2085,151,"resistance",
2086,151,"anomalies",
2087,151,"v",
2088,151,3,
2089,151,"sb",
2090,151,5,
2091,151,"series",
2092,152,"less",
2093,153,"ab",
2094,153,"initio",
2095,153,"study",
2096,153,"valley",
2097,153,"line",
2098,153,"totalenergy",
2099,153,"surface",
2100,153,"zonecenter",
2101,153,"distortions",
2102,153,"ferroelectric",
2103,153,"perovskite",
2104,153,"oxides",
2105,153,"batio3",
2106,153,"pbtio3",
2107,154,"abstract",
2108,154,"ab",
2109,154,"initio",
2110,154,"structure",
2111,154,"optimization",
2112,154,"technique",
2113,154,"newly",
2114,154,"developed",
2115,154,"determine",
2116,154,"valley",
2117,154,"line",
2118,154,"totalenergy",
2119,154,"surface",
2120,154,"zonecenter",
2121,154,"distortions",
2122,154,"ferroelectric",
2123,154,"perovskite",
2124,154,"oxides",
2125,154,"applied",
2126,154,"barium",
2127,154,"titanate",
2128,154,"batio3",
2129,154,"lead",
2130,154,"titanate",
2131,154,"pbtio3",
2132,155,"proposed",
2133,155,"technique",
2134,155,"improvement",
2135,155,"kingsmith",
2136,155,"vanderbilts",
2137,155,"scheme",
2138,155,"phys",
2139,156,"rev",
2140,157,"b",
2141,157,49,
2142,157,"p5828",
2143,158,"magnetic",
2144,158,"tunnel",
2145,158,"junctions",
2146,158,"based",
2147,158,"ferroelectric",
2148,158,"hf05zr05o2",
2149,158,"tunnel",
2150,158,"barriers",
2151,159,"abstract",
2152,159,"ferroelectric",
2153,159,"tunnel",
2154,159,"barrier",
2155,159,"two",
2156,159,"ferromagnetic",
2157,159,"electrodes",
2158,159,"multiferroic",
2159,159,"tunnel",
2160,159,"junction",
2161,159,"mftj",
2162,159,"one",
2163,159,"promising",
2164,159,"concepts",
2165,159,"future",
2166,159,"microelectronic",
2167,159,"devices",
2168,160,"parallel",
2169,160,"hafnia",
2170,160,"based",
2171,160,"ferroelectrics",
2172,160,"showing",
2173,160,"great",
2174,160,"potential",
2175,160,"device",
2176,160,"miniaturization",
2177,160,"nanoscale",
2178,161,"utilize",
2179,161,"ferroelectric",
2180,161,"hf05zr05o2",
2181,161,"hzo",
2182,161,"thickness",
2183,161,2,
2184,161,"nm",
2185,161,"epitaxially",
2186,161,"grown",
2187,161,"la07sr03mno3",
2188,161,"lsmo",
2189,161,"ferromagnetic",
2190,161,"electrodes",
2191,161,"large",
2192,161,"bandgap",
2193,161,"insulating",
2194,161,"barrier",
2195,161,"integrated",
2196,161,"mftjs",
2197,161,"cobalt",
2198,161,"top",
2199,161,"electrodes",
2200,162,"previously",
2201,162,"reported",
2202,162,"mftjs",
2203,162,"similar",
2204,162,"electrodes",
2205,162,"tunneling",
2206,162,"magnetoresistance",
2207,162,"tmr",
2208,162,"tuned",
2209,162,"sign",
2210,162,"even",
2211,162,"reversed",
2212,162,"bias",
2213,162,"voltage",
2214,162,"across",
2215,162,"junction",
2216,163,"demonstrate",
2217,163,"four",
2218,163,"nonvolatile",
2219,163,"resistance",
2220,163,"states",
2221,163,"generated",
2222,163,"magnetic",
2223,163,"electric",
2224,163,"field",
2225,163,"switching",
2226,163,"high",
2227,163,"reproducibility",
2228,163,"system",
2229,164,"less",
2230,165,"random",
2231,165,"field",
2232,165,"models",
2233,165,"relaxor",
2234,165,"ferroelectric",
2235,165,"behavior",
2236,166,"abstract",
2237,166,"heat",
2238,166,"bath",
2239,166,"monte",
2240,166,"carlo",
2241,166,"simulations",
2242,166,"used",
2243,166,"study",
2244,166,"fourstate",
2245,166,"clock",
2246,166,"model",
2247,166,"type",
2248,166,"random",
2249,166,"field",
2250,166,"simple",
2251,166,"cubic",
2252,166,"lattices",
2253,167,"model",
2254,167,"standard",
2255,167,"nonrandom",
2256,167,"twospin",
2257,167,"exchange",
2258,167,"term",
2259,167,"coupling",
2260,167,"energy",
2261,167,"j",
2262,167,"random",
2263,167,"field",
2264,167,"consists",
2265,167,"adding",
2266,167,"energy",
2267,167,"one",
2268,167,"four",
2269,167,"spin",
2270,167,"states",
2271,167,"chosen",
2272,167,"randomly",
2273,167,"site",
2274,168,"ashkintellerlike",
2275,168,"model",
2276,168,"separate",
2277,168,"two",
2278,168,"randomfield",
2279,168,"ising",
2280,168,"model",
2281,168,"components",
2282,168,"coupled",
2283,169,"dj3",
2284,169,"ground",
2285,169,"states",
2286,169,"model",
2287,169,"remain",
2288,169,"fully",
2289,169,"aligned",
2290,170,"dj4",
2291,170,"different",
2292,170,"type",
2293,170,"ground",
2294,170,"state",
2295,170,"found",
2296,170,"occupation",
2297,170,"two",
2298,170,"four",
2299,170,"spin",
2300,170,"states",
2301,170,"close",
2302,170,50,
2303,170,"two",
2304,170,"nearly",
2305,170,"absent",
2306,171,"means",
2307,171,"one",
2308,171,"ising",
2309,171,"components",
2310,171,"almost",
2311,171,"completely",
2312,171,"ordered",
2313,171,"one",
2314,171,"shortrange",
2315,171,"correlations",
2316,172,"large",
2317,172,"peak",
2318,172,"structure",
2319,172,"factor",
2320,172,"sk",
2321,172,"appears",
2322,172,"small",
2323,172,"k",
2324,172,"temperatures",
2325,172,"well",
2326,172,"transition",
2327,172,"longrange",
2328,172,"order",
2329,172,"appearance",
2330,172,"peak",
2331,172,"associated",
2332,172,"slow",
2333,172,"glassy",
2334,172,"dynamics",
2335,173,"phase",
2336,173,"transition",
2337,173,"state",
2338,173,"one",
2339,173,"ising",
2340,173,"component",
2341,173,"longrange",
2342,173,"ordered",
2343,173,"appears",
2344,173,"first",
2345,173,"order",
2346,173,"latent",
2347,173,"heat",
2348,173,"small",
2349,174,"less",
2350,175,"evidence",
2351,175,"existence",
2352,175,"functional",
2353,175,"monoclinic",
2354,175,"phase",
2355,175,"sodium",
2356,175,"niobate",
2357,175,"based",
2358,175,"solid",
2359,175,"solution",
2360,175,"powder",
2361,175,"neutron",
2362,175,"diffraction",
2363,176,"abstract",
2364,176,"carried",
2365,176,"systematic",
2366,176,"temperaturedependent",
2367,176,"neutron",
2368,176,"diffraction",
2369,176,"measurements",
2370,176,"conjunction",
2371,176,"dielectric",
2372,176,"spectroscopy",
2373,176,6,
2374,176,300,
2375,176,"k",
2376,176,"sodium",
2377,176,"niobate",
2378,176,"based",
2379,176,"compounds",
2380,176,"1x",
2381,176,"nanbo3",
2382,176,"xbatio3",
2383,176,"nnbtx",
2384,177,"dielectric",
2385,177,"constant",
2386,177,"measured",
2387,177,"function",
2388,177,"temperature",
2389,177,"frequency",
2390,178,"shows",
2391,178,"anomaly",
2392,178,"different",
2393,178,"temperatures",
2394,178,"cooling",
2395,178,"heating",
2396,178,"cycles",
2397,178,"exhibits",
2398,178,"large",
2399,178,"thermal",
2400,178,"hysteresis",
2401,178,150,
2402,178,"k",
2403,178,"composition",
2404,178,"x003",
2405,179,"dielectric",
2406,179,"constant",
2407,179,"found",
2408,179,"dispersive",
2409,179,"nature",
2410,179,"suggests",
2411,179,"relaxor",
2412,179,"ferroelectric",
2413,179,"behavior",
2414,180,"order",
2415,180,"explore",
2416,180,"structural",
2417,180,"changes",
2418,180,"function",
2419,180,"temperature",
2420,180,"analyzed",
2421,180,"powder",
2422,180,"neutron",
2423,180,"diffraction",
2424,180,"data",
2425,180,"composition",
2426,180,"x003",
2427,180,5,
2428,180,"respectively",
2429,181,"drastic",
2430,181,"changes",
2431,181,"observed",
2432,181,"powder",
2433,181,"profiles",
2434,181,"near",
2435,181,306,
2436,181,321,
2437,181,346,
2438,181,"diffraction",
2439,181,"pattern",
2440,181,200,
2441,181,"k",
2442,181,"cooling",
2443,181,190,
2444,181,"k",
2445,181,"heating",
2446,181,"cycles",
2447,181,"respectivelythe",
2448,181,"disappearance",
2449,181,"superlattice",
2450,181,"reflection",
2451,181,"splitting",
2452,181,"main",
2453,181,"perovskite",
2454,181,"peaks",
2455,181,"provide",
2456,181,"signature",
2457,181,"structural",
2458,181,"phase",
2459,181,"transition",
2460,182,"observed",
2461,182,"stabilization",
2462,182,"monoclinic",
2463,182,"phase",
2464,182,"cc",
2465,182,"low",
2466,182,"temperature",
2467,183,"monoclinic",
2468,183,"phase",
2469,183,"believed",
2470,183,"provide",
2471,183,"flexible",
2472,183,"polarization",
2473,183,"rotation",
2474,183,"considered",
2475,183,"directly",
2476,183,"linked",
2477,183,"high",
2478,183,"performance",
2479,183,"piezoelectricity",
2480,183,"materials",
2481,184,"thermal",
2482,184,"hysteresis",
2483,184,"composition",
2484,184,"x003",
2485,184,"larger",
2486,184,"x005",
2487,185,"suggests",
2488,185,"addition",
2489,185,"batio3",
2490,185,"nanbo3",
2491,185,"suppresses",
2492,185,"thermal",
2493,185,"hysteresis",
2494,186,"also",
2495,186,"observed",
2496,186,"structural",
2497,186,"phase",
2498,186,"transition",
2499,186,"temperature",
2500,186,"decreases",
2501,186,"increasing",
2502,186,"dopant",
2503,186,"concentration",
2504,187,"less",
2505,188,"mechanisms",
2506,188,"origin",
2507,188,"multiferroicity",
2508,189,"abstract",
2509,189,"motivated",
2510,189,"potential",
2511,189,"applications",
2512,189,"intrinsic",
2513,189,"crosscoupling",
2514,189,"properties",
2515,189,"interest",
2516,189,"multiferroic",
2517,189,"materials",
2518,189,"constantly",
2519,189,"increased",
2520,189,"recently",
2521,189,"leading",
2522,189,"significant",
2523,189,"experimental",
2524,189,"theoretical",
2525,189,"advancements",
2526,190,"theoretical",
2527,190,"point",
2528,190,"view",
2529,190,"recent",
2530,190,"progresses",
2531,190,"allowed",
2532,190,"identify",
2533,190,"different",
2534,190,"mechanisms",
2535,190,"responsible",
2536,190,"appearence",
2537,190,"ferroelectric",
2538,190,"polarization",
2539,190,"coexisting",
2540,190,"coupled",
2541,190,"magnetic",
2542,190,"properties",
2543,191,"chapter",
2544,191,"aims",
2545,191,"reviewing",
2546,191,"fundamental",
2547,191,"mechanisms",
2548,191,"devised",
2549,191,"far",
2550,191,"mainly",
2551,191,"transitionmetal",
2552,191,"oxides",
2553,191,"lie",
2554,191,"origin",
2555,191,"multiferroicity",
2556,192,"less",
2557,193,"d5offcentering",
2558,193,"induced",
2559,193,"ferroelectric",
2560,193,"magnetoelectric",
2561,193,"correlations",
2562,193,"trirutilefe2teo6",
2563,194,"abstract",
2564,194,"present",
2565,194,"rare",
2566,194,"existence",
2567,194,"d5",
2568,194,"offcentering",
2569,194,"weak",
2570,194,"ferroelectric",
2571,194,"polarization",
2572,194,"demonstrate",
2573,194,"correlation",
2574,194,"observed",
2575,194,"magnetoelectric",
2576,194,"properties",
2577,194,"g",
2578,194,"type",
2579,194,"tn210",
2580,194,"k",
2581,194,"antiferromagnet",
2582,194,"fe2teo6",
2583,194,"fto",
2584,194,"compound",
2585,195,"origin",
2586,196,"multiferroic",
2587,196,"skyrmionhost",
2588,196,"gav4s8",
2589,197,"abstract",
2590,197,"lacunar",
2591,197,"spinel",
2592,197,"gav4s8",
2593,197,"exhibits",
2594,197,"orbital",
2595,197,"ordering",
2596,197,44,
2597,197,"k",
2598,197,"shows",
2599,197,"complex",
2600,197,"magnetic",
2601,197,"phase",
2602,197,"diagram",
2603,197,127,
2604,197,"k",
2605,197,"includes",
2606,197,"ferromagnetic",
2607,197,"cycloidal",
2608,197,"spin",
2609,197,"order",
2610,198,"low",
2611,198,"finite",
2612,198,"external",
2613,198,"magnetic",
2614,198,"fields",
2615,198,"neltype",
2616,198,"skyrmions",
2617,198,"formed",
2618,198,"material",
2619,199,"skyrmions",
2620,199,"whirllike",
2621,199,"spin",
2622,199,"vortices",
2623,199,"received",
2624,199,"great",
2625,199,"theoretical",
2626,199,"interest",
2627,199,"nontrivial",
2628,199,"spin",
2629,199,"topology",
2630,199,"also",
2631,199,"considered",
2632,199,"basic",
2633,199,"entities",
2634,199,"new",
2635,199,"datastorage",
2636,199,"technologies",
2637,200,"interestingly",
2638,200,"found",
2639,200,"orbitally",
2640,200,"ordered",
2641,200,"phase",
2642,200,"shows",
2643,200,"sizable",
2644,200,"ferroelectric",
2645,200,"polarization",
2646,200,"excess",
2647,200,"spindriven",
2648,200,"polarizations",
2649,200,"appear",
2650,200,"magnetic",
2651,200,"phases",
2652,200,"including",
2653,200,"skyrmionlattice",
2654,200,"phase",
2655,201,"hence",
2656,201,"gav4s8",
2657,201,"shows",
2658,201,"simultaneous",
2659,201,"magnetic",
2660,201,"polar",
2661,201,"order",
2662,201,"belongs",
2663,201,"class",
2664,201,"multiferroics",
2665,201,"materials",
2666,201,"attracted",
2667,201,"enormous",
2668,201,"attention",
2669,201,"recent",
2670,201,"years",
2671,202,"summarize",
2672,202,"existing",
2673,202,"experimental",
2674,202,"information",
2675,202,"magnetic",
2676,202,"electronic",
2677,202,"dielectric",
2678,202,"properties",
2679,202,"gav4s8",
2680,203,"performing",
2681,203,"detailed",
2682,203,"magnetic",
2683,203,"susceptibility",
2684,203,"resistivity",
2685,203,"specific",
2686,203,"heat",
2687,203,"dielectric",
2688,203,"experiments",
2689,203,"complement",
2690,203,"lowtemperature",
2691,203,"phase",
2692,203,"diagram",
2693,204,"specifically",
2694,204,"show",
2695,204,"lowtemperature",
2696,204,"lowfield",
2697,204,"ground",
2698,204,"state",
2699,204,"gav4s8",
2700,204,"seems",
2701,204,"complex",
2702,204,"spin",
2703,204,"configuration",
2704,204,"purely",
2705,204,"collinear",
2706,204,"ferromagnetic",
2707,204,"spin",
2708,204,"order",
2709,205,"addition",
2710,205,"structural",
2711,205,"jahnteller",
2712,205,"transition",
2713,205,"magnetic",
2714,205,"exchange",
2715,205,"interaction",
2716,205,"changes",
2717,205,"antiferromagnetic",
2718,205,"ferromagnetic",
2719,206,"also",
2720,206,"provide",
2721,206,"experimental",
2722,206,"evidence",
2723,206,"vanadium",
2724,206,"v4",
2725,206,"clusters",
2726,206,"gav4s8",
2727,206,"regarded",
2728,206,"molecular",
2729,206,"units",
2730,206,"spin",
2731,206,12,
2732,207,"however",
2733,207,"high",
2734,207,"temperatures",
2735,207,"deviations",
2736,207,"susceptibility",
2737,207,"show",
2738,207,"indicating",
2739,207,"either",
2740,207,"magnetic",
2741,207,"moments",
2742,207,"vanadium",
2743,207,"atoms",
2744,207,"fluctuate",
2745,207,"independently",
2746,207,"excited",
2747,207,"states",
2748,207,"v4",
2749,207,"molecule",
2750,207,"become",
2751,207,"relevant",
2752,208,"less",
2753,209,"charge",
2754,209,"migration",
2755,209,"pbzrtio3",
2756,209,"ceramics",
2757,209,"relation",
2758,209,"ageing",
2759,209,"hardening",
2760,209,"softening",
2761,210,"abstract",
2762,210,"dielectric",
2763,210,"response",
2764,210,"hard",
2765,210,"fedoped",
2766,210,"soft",
2767,210,"nbdoped",
2768,210,"rhombohedral",
2769,210,"pbzr058ti0421xmexo3",
2770,210,"pzt",
2771,210,"fe",
2772,210,"nb",
2773,210,"ceramics",
2774,210,"studied",
2775,210,"subswitching",
2776,210,"conditions",
2777,210,"wide",
2778,210,"range",
2779,210,"temperatures",
2780,210,50,
2781,210,"c",
2782,210,450,
2783,210,"c",
2784,210,"frequencies",
2785,210,10,
2786,210,"mhz",
2787,210,10,
2788,210,"khz",
2789,211,"results",
2790,211,"show",
2791,211,"qualitative",
2792,211,"differences",
2793,211,"behavior",
2794,211,"acceptor",
2795,211,"donor",
2796,211,"doped",
2797,211,"samples",
2798,212,"hard",
2799,212,"materials",
2800,212,"exhibit",
2801,212,"steep",
2802,212,"increase",
2803,212,"complex",
2804,212,"permittivity",
2805,212,"decreasing",
2806,212,"frequency",
2807,213,"onset",
2808,213,"dispersion",
2809,213,"thermally",
2810,213,"activated",
2811,213,"activation",
2812,213,"energy",
2813,213,608,
2814,213,"ev",
2815,213,"attributed",
2816,213,"oxygen",
2817,213,"vacancy",
2818,213,"hopping",
2819,214,"activation",
2820,214,"energy",
2821,214,"ac",
2822,214,"conductivity",
2823,214,"observed",
2824,214,"soft",
2825,214,"materials",
2826,214,"estimated",
2827,214,17,
2828,214,"ev",
2829,214,"corresponding",
2830,214,"half",
2831,214,"energy",
2832,214,"gap",
2833,214,"pbzrtio3",
2834,214,"thus",
2835,214,"consistent",
2836,214,"electronic",
2837,214,"conduction",
2838,215,"relevance",
2839,215,"ionic",
2840,215,"hopping",
2841,215,"conductivity",
2842,215,"hard",
2843,215,"materials",
2844,215,"ferroelectric",
2845,215,"aging",
2846,215,"deaging",
2847,215,"hardening",
2848,215,"analyzed",
2849,216,"strong",
2850,216,"ionic",
2851,216,"conductivity",
2852,216,"hard",
2853,216,"absence",
2854,216,"soft",
2855,216,"samples",
2856,216,"agree",
2857,216,"well",
2858,216,"dipolar",
2859,216,"mechanism",
2860,216,"ageing",
2861,216,"hard",
2862,216,"materials",
2863,216,"absence",
2864,216,"significant",
2865,216,"ageing",
2866,216,"soft",
2867,216,"materials",
2868,217,"less",
2869,218,"comparative",
2870,218,"firstprinciples",
2871,218,"study",
2872,218,"antiperovskite",
2873,218,"oxides",
2874,218,"nitrides",
2875,218,"thermoelectric",
2876,218,"material",
2877,218,"multiple",
2878,218,"dirac",
2879,218,"cones",
2880,218,"lowdimensional",
2881,218,"band",
2882,218,"dispersion",
2883,218,"high",
2884,218,"valley",
2885,218,"degeneracy",
2886,219,"abstract",
2887,219,"perform",
2888,219,"comparative",
2889,219,"study",
2890,219,"thermoelectric",
2891,219,"performance",
2892,219,"antiperovskite",
2893,219,"oxides",
2894,219,"e",
2895,219,3,
2896,219,"tt",
2897,219,"nitrides",
2898,219,"e",
2899,219,3,
2900,219,"pn",
2901,219,"n",
2902,219,"ae",
2903,219,"ca",
2904,219,"sr",
2905,219,"ba",
2906,219,"tt",
2907,219,"ge",
2908,219,"sn",
2909,219,"pb",
2910,219,"pn",
2911,219,"sb",
2912,219,"bi",
2913,219,"means",
2914,219,"firstprinciples",
2915,219,"calculation",
2916,220,"oxides",
2917,220,"cubic",
2918,220,"structure",
2919,220,"ca",
2920,220,3,
2921,220,"geo",
2922,220,"sizable",
2923,220,"band",
2924,220,"gap",
2925,220,"exhibits",
2926,220,"high",
2927,220,"thermoelectric",
2928,220,"performance",
2929,220,"high",
2930,220,"temperatures",
2931,220,"ba",
2932,220,3,
2933,220,"pbo",
2934,220,"dirac",
2935,220,"cones",
2936,220,"without",
2937,220,"gap",
2938,220,"favorable",
2939,220,"low",
2940,220,"temperatures",
2941,221,"latter",
2942,221,"high",
2943,221,"performance",
2944,221,"owes",
2945,221,"high",
2946,221,"valley",
2947,221,"degeneracy",
2948,221,"including",
2949,221,"multiple",
2950,221,"dirac",
2951,221,"cones",
2952,221,"valleys",
2953,221,"near",
2954,221,"r",
2955,221,"points",
2956,222,"nitrides",
2957,222,"cubic",
2958,222,"structure",
2959,222,"insulator",
2960,222,"strong",
2961,222,"quasionedimensionality",
2962,222,"exhibits",
2963,222,"high",
2964,222,"thermoelectric",
2965,222,"performance",
2966,223,"also",
2967,223,"find",
2968,223,"orthorhombic",
2969,223,"structural",
2970,223,"distortion",
2971,223,"sometimes",
2972,223,"sizably",
2973,223,"enhances",
2974,223,"thermoelectric",
2975,223,"performance",
2976,223,"especially",
2977,223,"ba",
2978,223,3,
2979,223,"geo",
2980,223,"sr",
2981,223,3,
2982,223,"asn",
2983,223,"high",
2984,223,"valley",
2985,223,"degeneracy",
2986,223,"realized",
2987,223,"pnma",
2988,223,"phase",
2989,224,"calculation",
2990,224,"reveals",
2991,224,"antioerpvskites",
2992,224,"offer",
2993,224,"fertile",
2994,224,"playground",
2995,224,"various",
2996,224,"kinds",
2997,224,"characteristic",
2998,224,"electronic",
2999,224,"structure",
3000,224,"enhance",
3001,224,"thermoelectric",
3002,224,"performance",
3003,224,"provides",
3004,224,"promising",
3005,224,"candidates",
3006,224,"highperformance",
3007,224,"thermoelectric",
3008,224,"materials",
3009,225,"less",
3010,226,"giant",
3011,226,"thermoelectric",
3012,226,"effect",
3013,226,"al2o3",
3014,226,"magnetic",
3015,226,"tunnel",
3016,226,"junctions",
3017,227,"abstract",
3018,227,"thermoelectric",
3019,227,"effects",
3020,227,"magnetic",
3021,227,"nanostructures",
3022,227,"socalled",
3023,227,"spin",
3024,227,"caloritronics",
3025,227,"attracting",
3026,227,"much",
3027,227,"interest",
3028,228,"indeed",
3029,228,"provides",
3030,228,"new",
3031,228,"way",
3032,228,"control",
3033,228,"manipulate",
3034,228,"spin",
3035,228,"currents",
3036,228,"key",
3037,228,"elements",
3038,228,"spinbased",
3039,228,"electronics",
3040,229,"report",
3041,229,"giant",
3042,229,"magnetothermoelectric",
3043,229,"effect",
3044,229,"al2o3",
3045,229,"magnetic",
3046,229,"tunnel",
3047,229,"junctions",
3048,230,"thermovoltage",
3049,230,"geometry",
3050,231,"role",
3051,231,"resonant",
3052,231,"bonding",
3053,231,"governing",
3054,231,"thermal",
3055,231,"transport",
3056,231,"properties",
3057,231,"twodimensional",
3058,231,"black",
3059,231,"phosphorus",
3060,232,"abstract",
3061,232,"fundamental",
3062,232,"insight",
3063,232,"lattice",
3064,232,"dynamics",
3065,232,"phonon",
3066,232,"transport",
3067,232,"critical",
3068,232,"efficient",
3069,232,"manipulation",
3070,232,"heat",
3071,232,"flow",
3072,232,"one",
3073,232,"appealing",
3074,232,"thermophysical",
3075,232,"problems",
3076,232,"enormous",
3077,232,"practical",
3078,232,"implications",
3079,233,"phosphorene",
3080,233,"novel",
3081,233,"elemental",
3082,233,"twodimensional",
3083,233,"2d",
3084,233,"semiconductor",
3085,233,"high",
3086,233,"carrier",
3087,233,"mobility",
3088,233,"intrinsically",
3089,233,"large",
3090,233,"direct",
3091,233,"band",
3092,233,"gap",
3093,233,"possesses",
3094,233,"fascinating",
3095,233,"chemical",
3096,233,"physical",
3097,233,"properties",
3098,233,"distinctively",
3099,233,"different",
3100,233,"2d",
3101,233,"materials",
3102,234,"rapidly",
3103,234,"growing",
3104,234,"applications",
3105,234,"phosphorene",
3106,234,"nanooptoelectronics",
3107,234,"thermoelectrics",
3108,234,"call",
3109,234,"fundamental",
3110,234,"understanding",
3111,234,"thermal",
3112,234,"transport",
3113,234,"properties",
3114,235,"study",
3115,235,"based",
3116,235,"analysis",
3117,235,"electronic",
3118,235,"structure",
3119,235,"lattice",
3120,235,"dynamics",
3121,235,"demonstrate",
3122,235,"formation",
3123,235,"resonant",
3124,235,"bonding",
3125,235,"phosphorene",
3126,236,"fundamental",
3127,236,"insight",
3128,236,"thermal",
3129,236,"transport",
3130,236,"phosphorene",
3131,236,"provided",
3132,236,"discussing",
3133,236,"role",
3134,236,"resonant",
3135,236,"bonding",
3136,236,"driving",
3137,236,"longrange",
3138,236,"interactions",
3139,236,"strong",
3140,236,"phonon",
3141,236,"anharmonicity",
3142,237,"reveal",
3143,237,"strong",
3144,237,"phonon",
3145,237,"anharmonicity",
3146,237,"associated",
3147,237,"soft",
3148,237,"transverse",
3149,237,"optical",
3150,237,"phonon",
3151,237,"modes",
3152,237,"arises",
3153,237,"longrange",
3154,237,"interactions",
3155,237,"driven",
3156,237,"orbital",
3157,237,"governed",
3158,237,"resonant",
3159,237,"bonding",
3160,238,"study",
3161,238,"highlights",
3162,238,"physical",
3163,238,"origin",
3164,238,"phonon",
3165,238,"anharmonicity",
3166,238,"phosphorene",
3167,238,"also",
3168,238,"provides",
3169,238,"new",
3170,238,"insights",
3171,238,"phonon",
3172,238,"transport",
3173,238,"view",
3174,238,"orbital",
3175,238,"states",
3176,238,"would",
3177,238,"great",
3178,238,"significance",
3179,238,"design",
3180,238,"development",
3181,238,"highperformance",
3182,238,"phosphorene",
3183,238,"based",
3184,238,"nanodevices",
3185,239,"less",
3186,240,"thermal",
3187,240,"conductivity",
3188,240,"chiralitysorted",
3189,240,"carbon",
3190,240,"nanotube",
3191,240,"networks",
3192,241,"abstract",
3193,241,"thermal",
3194,241,"properties",
3195,241,"singlewalled",
3196,241,"carbon",
3197,241,"nanotubes",
3198,241,"swnts",
3199,241,"significant",
3200,241,"interest",
3201,241,"yet",
3202,241,"dependence",
3203,241,"swnt",
3204,241,"chirality",
3205,241,"explored",
3206,241,"experimentally",
3207,242,"used",
3208,242,"electrical",
3209,242,"heating",
3210,242,"infrared",
3211,242,"thermal",
3212,242,"imaging",
3213,242,"simultaneously",
3214,242,"study",
3215,242,"thermal",
3216,242,"electrical",
3217,242,"transport",
3218,242,"chiralitysorted",
3219,242,"swnt",
3220,242,"networks",
3221,243,"examined",
3222,243,"solution",
3223,243,"processed",
3224,243,90,
3225,243,"semiconducting",
3226,243,90,
3227,243,"metallic",
3228,243,"purified",
3229,243,"unsorted",
3230,243,66,
3231,243,"semiconducting",
3232,243,"asgrown",
3233,243,"hipco",
3234,243,"swnt",
3235,243,"films",
3236,244,"thermal",
3237,244,"conductivities",
3238,244,"films",
3239,244,"range",
3240,244,80,
3241,244,370,
3242,244,"wmk",
3243,244,"controlled",
3244,244,"chirality",
3245,244,"instead",
3246,244,"dependent",
3247,244,"morphology",
3248,244,"ie",
3249,245,"mass",
3250,245,"junction",
3251,245,"density",
3252,245,"quasialignment",
3253,245,"networks",
3254,246,"upper",
3255,246,"range",
3256,246,"thermal",
3257,246,"conductivities",
3258,246,"measured",
3259,246,"comparable",
3260,246,"best",
3261,246,"metals",
3262,246,"cu",
3263,246,"ag",
3264,246,"order",
3265,246,"magnitude",
3266,246,"lower",
3267,246,"mass",
3268,246,"density",
3269,247,"study",
3270,247,"reveals",
3271,247,"important",
3272,247,"factors",
3273,247,"controlling",
3274,247,"thermal",
3275,247,"properties",
3276,247,"lightweight",
3277,247,"chiralitysorted",
3278,247,"swnt",
3279,247,"films",
3280,247,"potential",
3281,247,"thermal",
3282,247,"thermoelectric",
3283,247,"applications",
3284,248,"less",
3285,249,"electronic",
3286,249,"thermoelectric",
3287,249,"properties",
3288,249,"ruin3xax",
3289,249,"sn",
3290,249,"zn",
3291,250,"abstract",
3292,250,26,
3293,250,1886,
3294,250,2011,
3295,250,"transport",
3296,250,"measurements",
3297,250,"semiconducting",
3298,250,"intermetallic",
3299,250,"system",
3300,250,"ruin3",
3301,250,"substitution",
3302,250,"derivatives",
3303,250,"ruin3xax",
3304,250,"sn",
3305,250,"zn",
3306,251,"higher",
3307,251,"values",
3308,251,"thermoelectric",
3309,251,"figure",
3310,251,"merit",
3311,251,"zt",
3312,251,45,
3313,251,"compared",
3314,251,"parent",
3315,251,"compound",
3316,251,"achieved",
3317,251,"chemical",
3318,251,"substitution",
3319,252,"using",
3320,252,"density",
3321,252,"functional",
3322,252,"theory",
3323,252,"based",
3324,252,"calculations",
3325,252,"report",
3326,253,"thermal",
3327,253,"conductance",
3328,253,"zero",
3329,253,"modes",
3330,253,"surface",
3331,253,"boundary",
3332,253,"weyl",
3333,253,"semimetal",
3334,254,"abstract",
3335,254,"thermoelectric",
3336,254,"conductance",
3337,254,"dirac",
3338,254,"materials",
3339,254,"particular",
3340,254,"zero",
3341,254,"modes",
3342,254,"reveals",
3343,254,"effect",
3344,254,"topology",
3345,254,"weyl",
3346,254,"semimetals",
3347,254,"boundary",
3348,254,"z",
3349,254,0,
3350,254,"give",
3351,254,"rise",
3352,254,"chiral",
3353,254,"zero",
3354,254,"modes",
3355,254,"backscattering",
3356,254,"resulting",
3357,254,"significant",
3358,254,"contribution",
3359,254,"thermal",
3360,254,"conductivity",
3361,255,"doping",
3362,255,"surface",
3363,255,"paramagnetic",
3364,255,"impurities",
3365,255,"backscattering",
3366,255,"allowed",
3367,255,"thermal",
3368,255,"conductivity",
3369,255,"controlled",
3370,255,"decrease",
3371,255,"transmission",
3372,255,"function",
3373,255,"t2",
3374,255,1,
3375,256,"attach",
3376,256,"thermal",
3377,256,"reservoir",
3378,256,"edge",
3379,256,"sample",
3380,256,"study",
3381,256,"thermal",
3382,256,"electrical",
3383,256,"conductance",
3384,257,"ballistic",
3385,257,"mesoscopic",
3386,257,"situations",
3387,257,"quantum",
3388,257,"uctuations",
3389,257,"causes",
3390,257,"oscillations",
3391,257,"thermal",
3392,257,"electric",
3393,257,"conduc",
3394,257,"tance",
3395,258,"thermoelectric",
3396,258,"conductance",
3397,258,"varies",
3398,258,"periodically",
3399,258,"voltage",
3400,258,"bias",
3401,259,"compare",
3402,259,"thermal",
3403,259,"conductance",
3404,259,"without",
3405,259,"impurity",
3406,259,"scattering",
3407,259,"observe",
3408,259,"effects",
3409,259,"topology",
3410,260,"experimental",
3411,260,"setup",
3412,260,"proposed",
3413,260,"test",
3414,260,"theory",
3415,261,"1thermoelectric",
3416,261,"conductance",
3417,261,"dirac",
3418,261,"materials",
3419,261,"particular",
3420,261,"zero",
3421,261,"modes",
3422,261,"reveals",
3423,261,"effect",
3424,261,"topology",
3425,261,"weyl",
3426,261,"semimetals",
3427,261,"boundary",
3428,261,"z",
3429,261,0,
3430,261,"give",
3431,261,"rise",
3432,261,"chiral",
3433,261,"zero",
3434,261,"modes",
3435,261,"backscattering",
3436,261,"resulting",
3437,261,"significant",
3438,261,"contribution",
3439,261,"thermal",
3440,261,"conductivity",
3441,262,"doping",
3442,262,"surface",
3443,262,"paramagnetic",
3444,262,"impurities",
3445,262,"backscattering",
3446,262,"allowed",
3447,262,"thermal",
3448,262,"conductivity",
3449,262,"controlled",
3450,262,"decrease",
3451,262,"transmission",
3452,262,"function",
3453,262,"t2",
3454,262,1,
3455,263,"attach",
3456,263,"thermal",
3457,263,"reservoir",
3458,263,"edge",
3459,263,"sample",
3460,263,"study",
3461,263,"thermal",
3462,263,"electrical",
3463,263,"conductance",
3464,264,"ballistic",
3465,264,"mesoscopic",
3466,264,"situations",
3467,264,"quantum",
3468,264,"uctuations",
3469,264,"causes",
3470,264,"oscillations",
3471,264,"thermal",
3472,264,"electric",
3473,264,"conduc",
3474,264,"tance",
3475,265,"thermoelectric",
3476,265,"conductance",
3477,265,"varies",
3478,265,"periodically",
3479,265,"voltage",
3480,265,"bias",
3481,266,"compare",
3482,266,"thermal",
3483,266,"conductance",
3484,266,"without",
3485,266,"impurity",
3486,266,"scattering",
3487,266,"observe",
3488,266,"effects",
3489,266,"topology",
3490,267,"experimental",
3491,267,"setup",
3492,267,"proposed",
3493,267,"test",
3494,267,"theory",
3495,268,"less",
3496,269,"double",
3497,269,"quantum",
3498,269,"dot",
3499,269,"minimal",
3500,269,"thermoelectric",
3501,269,"generator",
3502,270,"abstract",
3503,270,"based",
3504,270,"numerical",
3505,270,"renormalization",
3506,270,"group",
3507,270,"calculations",
3508,270,"demonstrate",
3509,270,"experimentally",
3510,270,"realized",
3511,270,"double",
3512,270,"quantum",
3513,270,"dots",
3514,270,"constitute",
3515,270,"minimal",
3516,270,"thermoelectric",
3517,270,"generator",
3518,271,"kondo",
3519,271,"regime",
3520,271,"one",
3521,271,"quantum",
3522,271,"dot",
3523,271,"acts",
3524,271,"ntype",
3525,271,"one",
3526,271,"ptype",
3527,271,"thermoelectric",
3528,271,"device",
3529,272,"properly",
3530,272,"connected",
3531,272,"double",
3532,272,"quantum",
3533,272,"dot",
3534,272,"prov",
3535,273,"quasiparticle",
3536,273,"band",
3537,273,"structure",
3538,273,"almostgapless",
3539,273,"transitionmetalbased",
3540,273,"heusler",
3541,273,"semiconductors",
3542,274,"abstract",
3543,274,"transitionmetalbased",
3544,274,"heusler",
3545,274,"semiconductors",
3546,274,"promising",
3547,274,"materials",
3548,274,"variety",
3549,274,"applications",
3550,274,"ranging",
3551,274,"spintronics",
3552,274,"thermoelectricity",
3553,275,"employing",
3554,275,"gw",
3555,275,"approximation",
3556,275,"within",
3557,275,"framework",
3558,275,"flapw",
3559,275,"method",
3560,275,"study",
3561,275,"quasiparticle",
3562,275,"band",
3563,275,"structure",
3564,275,"number",
3565,275,"compounds",
3566,275,"almost",
3567,275,"gapless",
3568,275,"semiconductors",
3569,276,"find",
3570,276,"contrast",
3571,276,"textitspelectron",
3572,276,"based",
3573,276,"semiconductors",
3574,276,"si",
3575,276,"gaas",
3576,276,"systems",
3577,276,"manybody",
3578,276,"corrections",
3579,276,"minimal",
3580,276,"effect",
3581,276,"electronic",
3582,276,"band",
3583,276,"structure",
3584,276,"energy",
3585,276,"band",
3586,276,"gap",
3587,276,"increases",
3588,276,"less",
3589,276,"02ev",
3590,276,"makes",
3591,276,"starting",
3592,276,"point",
3593,276,"density",
3594,276,"functional",
3595,276,"theory",
3596,276,"dft",
3597,276,"good",
3598,276,"approximation",
3599,276,"description",
3600,276,"electronic",
3601,276,"optical",
3602,276,"properties",
3603,276,"materials",
3604,277,"furthermore",
3605,277,"band",
3606,277,"gap",
3607,277,"tuned",
3608,277,"either",
3609,277,"variation",
3610,277,"lattice",
3611,277,"parameter",
3612,277,"substitution",
3613,277,"emphspchemical",
3614,277,"element",
3615,278,"less",
