,sentence,word,label
0,0,lowenergy,O
1,0,truly,O
2,0,random,O
3,0,number,O
4,0,generation,O
5,0,superparamagnetic,O
6,0,tunnel,O
7,0,junctions,O
8,0,unconventional,O
9,0,computing,O
10,1,abstract,O
11,1,energy,O
12,1,efficiency,O
13,1,compared,O
14,1,current,O
15,1,solutions,O
16,2,show,O
17,2,random,O
18,2,generation,O
19,2,speed,O
20,2,improves,O
21,2,nanodevice,O
22,2,scaling,O
23,2,investigate,O
24,2,impact,O
25,2,temperature,O
26,2,magnetic,O
27,2,field,O
28,2,crosstalk,O
29,3,finally,O
30,3,show,O
31,3,alternative,O
32,3,computing,O
33,3,schemes,O
34,3,implemented,O
35,3,using,O
36,3,superparamagentic,O
37,3,tunnel,O
38,3,junctions,O
39,3,random,O
40,3,number,O
41,3,generators,O
42,4,results,O
43,4,open,O
44,5,theoretical,O
45,5,investigation,O
46,5,excitonic,O
47,5,magnetism,O
48,5,lasrcoo,B-MAT
49,5,4,I-MAT
50,6,abstract,O
51,7,find,O
52,7,staggered,O
53,7,arrangement,O
54,7,magnetic,O
55,7,multipoles,O
56,7,stable,O
57,7,broad,O
58,7,range,O
59,7,co,I-MAT
60,7,3d,O
61,7,interaction,O
62,7,parameters,O
63,8,ordered,O
64,8,state,O
65,8,described,O
66,8,spindenitywavetype,O
67,8,condensate,O
68,8,xy,O
69,8,x,O
70,8,2,O
71,8,2,O
72,8,excitons,O
73,8,carrying,O
74,8,spin,O
75,8,s1,O
76,9,construct,O
77,9,effective,O
78,9,strongcoupling,O
79,9,model,O
80,9,calculate,O
81,9,exciton,O
82,9,dispersion,O
83,9,inves,O
84,10,alma,O
85,10,vla,O
86,10,observations,O
87,10,emission,O
88,10,environment,O
89,10,sgr,O
90,11,abstract,O
91,11,mg,I-MAT
92,11,magnetic,O
93,11,field,O
94,12,origin,O
95,12,unclear,O
96,12,coexistence,O
97,12,hot,O
98,12,gas,O
99,12,supports,O
100,12,scenarios,O
101,12,gas,O
102,12,produced,O
103,12,interaction,O
104,12,winds,O
105,12,either,O
106,12,fast,O
107,12,moving,O
108,12,sstars,O
109,12,photoevaporation,O
110,12,lowmass,O
111,12,yso,O
112,12,disks,O
113,12,jetdriven,O
114,12,outflow,O
115,12,sgr,O
116,13,spatial,O
117,13,anticorrelation,O
118,13,xray,O
119,13,radio,O
120,13,mm,O
121,13,emission,O
122,13,halo,O
123,14,trions,O
124,14,mos,O
125,14,2,O
126,14,quantum,O
127,14,superpositions,O
128,14,intra,O
129,14,intervalley,O
130,14,spin,O
131,14,states,O
132,15,abstract,O
133,15,monolayers,I-STRUCT
134,15,high,O
135,15,magnetic,O
136,15,fields,O
137,15,28,O
138,15,b,O
139,15,0t,O
140,15,electron,O
141,15,density,O
142,15,nssim,O
143,15,1012cm2,O
144,15,observe,O
145,15,three,O
146,15,trion,O
147,15,resonances,O
148,15,explained,O
149,15,within,O
150,15,singleparticle,O
151,15,picture,O
152,16,employing,O
153,16,ab,O
154,16,initio,O
155,16,calculations,O
156,16,take,O
157,16,account,O
158,16,threeparticle,O
159,16,correlation,O
160,16,effects,O
161,16,well,O
162,16,local,O
163,16,nonlocal,O
164,16,electronhole,O
165,16,exchange,O
166,16,interaction,O
167,16,identi,O
168,17,angleresolved,O
169,17,optically,O
170,17,detected,O
171,17,magnetic,O
172,17,resonance,O
173,17,tool,O
174,17,strain,O
175,17,determination,O
176,17,nanostructures,O
177,18,abstract,O
178,18,paper,O
179,18,apply,O
180,18,angleresolved,O
181,18,optically,O
182,18,detected,O
183,18,magnetic,O
184,18,resonance,O
185,18,odmr,O
186,18,technique,O
187,18,study,O
188,18,series,O
189,18,strained,O
190,18,cd,B-MAT
191,18,mntecd,I-MAT
192,18,mgte,I-MAT
193,18,quantum,O
194,18,wells,O
195,18,qws,O
196,18,produced,O
197,18,molecular,O
198,18,beam,O
199,18,epitaxy,O
200,19,analyzing,O
201,19,characteristic,O
202,19,features,O
203,19,odmr,O
204,19,angular,O
205,19,scans,O
206,19,determine,O
207,19,straininduced,O
208,19,axialsymmetry,O
209,19,spin,O
210,19,hamiltonian,O
211,19,parameter,O
212,19,nev,O
213,19,precision,O
214,20,furthermore,O
215,20,use,O
216,20,lowtemperature,O
217,20,optical,O
218,20,reflectivity,O
219,20,measurements,O
220,20,xray,O
221,20,diffraction,O
222,20,scans,O
223,20,evaluate,O
224,20,local,O
225,20,strain,O
226,20,present,O
227,20,qw,O
228,20,material,O
229,21,analysis,O
230,21,take,O
231,21,account,O
232,21,different,O
233,21,thermal,O
234,21,expansion,O
235,21,coefficients,O
236,21,gaas,O
237,21,substrate,O
238,21,cdte,I-MAT
239,21,buffer,O
240,22,additional,O
241,22,deformation,O
242,22,due,O
243,22,thermal,O
244,22,expansion,O
245,22,effects,O
246,22,magnitude,O
247,22,deformation,O
248,22,origination,O
249,22,different,O
250,22,compositions,O
251,22,samples,O
252,23,based,O
253,23,evaluated,O
254,23,deformations,O
255,23,values,O
256,23,straininduced,O
257,23,axialsymmetry,O
258,23,spin,O
259,23,hamiltonian,O
260,23,parameter,O
261,23,find,O
262,23,strain,O
263,23,spinlattice,B-PROP
264,23,coefficient,I-PROP
265,23,g11,I-PROP
266,23,722,I-PROP
267,23,19,I-PROP
268,23,nev,I-PROP
269,23,mn2,B-MAT
270,23,cdte,I-MAT
271,23,shear,B-PROP
272,23,deformation,I-PROP
273,23,potential,I-PROP
274,23,b,I-PROP
275,23,94,I-PROP
276,23,11,I-PROP
277,23,ev,I-PROP
278,23,cdte,B-MAT
279,24,less,O
280,25,textitab,O
281,25,initio,O
282,25,study,O
283,25,magnetic,O
284,25,behavior,O
285,25,metal,O
286,25,hydrides,O
287,25,comparison,O
288,25,slaterpauling,O
289,25,curve,O
290,26,abstract,O
291,26,investigated,O
292,26,magnetic,O
293,26,behavior,O
294,26,metal,O
295,26,hydrides,O
296,26,feh,B-MAT
297,26,x,I-MAT
298,26,coh,I-MAT
299,26,x,I-MAT
300,26,nih,I-MAT
301,26,x,I-MAT
302,26,several,O
303,26,concentrations,O
304,26,hydrogen,O
305,26,x,O
306,26,using,O
307,26,density,O
308,26,functional,O
309,26,theory,O
310,26,calculations,O
311,27,several,O
312,27,structural,O
313,27,phases,O
314,27,metallic,O
315,27,host,O
316,27,bcc,O
317,27,fcc,O
318,27,hcp,O
319,27,dhcp,O
320,27,tetragonal,O
321,27,structure,O
322,27,feh,B-MAT
323,27,x,I-MAT
324,28,tailoring,O
325,28,ferromagnetism,O
326,28,electrically,O
327,28,controlled,O
328,28,morphology,O
329,29,abstract,O
330,29,converse,O
331,29,magnetoelectric,O
332,29,coupling,O
333,29,artificial,O
334,29,multiferroics,O
335,29,generally,O
336,29,modelled,O
337,29,three,O
338,29,possible,O
339,29,mechanisms,O
340,29,charge,O
341,29,transfer,O
342,29,strain,O
343,29,mediated,O
344,29,ion,O
345,29,migration,O
346,30,demonstrate,O
347,30,novel,O
348,30,highly,O
349,30,reliable,O
350,30,approach,O
351,30,electrically,O
352,30,controlled,O
353,30,morphological,O
354,30,modifications,O
355,30,control,O
356,30,ferromagnetic,O
357,30,response,O
358,30,magnetoelectric,O
359,30,heterostructure,I-STRUCT
360,30,specifically,O
361,30,fexmn1x,I-MAT
362,30,ferromagnetic,O
363,30,films,I-STRUCT
364,30,ferroelectric,O
365,30,pmnpt,I-MAT
366,30,1,O
367,30,substrates,I-STRUCT
368,31,ferroelectric,O
369,31,pmnpt,I-MAT
370,31,substrates,I-STRUCT
371,31,present,O
372,31,correspondence,O
373,31,electrical,O
374,31,switching,O
375,31,fully,O
376,31,reversible,O
377,31,morphological,O
378,31,changes,O
379,31,surface,O
380,31,correspond,O
381,31,reproducible,O
382,31,modifications,O
383,31,ferromagnetic,O
384,31,response,O
385,31,fexmn1x,I-MAT
386,31,films,I-STUCT
387,32,topographic,O
388,32,analysis,O
389,32,atomic,O
390,32,force,O
391,32,microscopy,O
392,32,shows,O
393,32,formation,O
394,32,surface,O
395,32,cracks,O
396,32,application,O
397,32,positive,O
398,32,electric,O
399,32,field,O
400,32,6,O
401,32,kvcm,O
402,32,disappear,O
403,32,application,O
404,32,negative,O
405,32,voltage,O
406,32,amplitude,O
407,33,inoperando,O
408,33,xray,O
409,33,magnetic,O
410,33,circular,O
411,33,dichroic,O
412,33,spectroscopy,O
413,33,fe,I-MAT
414,33,edge,I-STRUCT
415,33,fexmn1x,I-MAT
416,33,layers,I-STRUCT
417,33,shows,O
418,33,local,O
419,33,variations,O
420,33,dichroic,O
421,33,signal,O
422,33,factor,O
423,33,25,O
424,33,function,O
425,33,electricallydriven,O
426,33,morphological,O
427,33,state,O
428,34,findings,O
429,34,highlight,O
430,34,role,O
431,34,morphology,O
432,34,surface,O
433,34,topography,O
434,34,key,O
435,34,aspect,O
436,34,magnetoelectric,I-PROP
437,34,coupling,O
438,34,whose,O
439,34,proof,O
440,34,electrically,O
441,34,reversible,O
442,34,modification,O
443,34,magnetic,O
444,34,response,O
445,34,adds,O
446,34,new,O
447,34,possibility,O
448,34,design,O
449,34,multiferroic,O
450,34,heterostructures,I-STRUCT
451,34,electrically,O
452,34,controlled,O
453,34,functionalities,O
454,35,less,O
455,36,first,O
456,36,order,O
457,36,magnetostructural,B-PROP
458,36,transition,I-PROP
459,36,magnetocaloric,I-PROP
460,36,effect,I-PROP
461,36,mnnige,B-MAT
462,36,9,I-MAT
463,36,ga,I-MAT
464,36,1,I-MAT
465,37,abstract,O
466,37,studied,O
467,37,via,O
468,37,powder,O
469,37,xray,O
470,37,diffraction,O
471,37,magnetization,O
472,37,measurements,O
473,38,temperature,O
474,38,dependent,O
475,38,xray,O
476,38,diffraction,O
477,38,measurements,O
478,38,reveal,O
479,38,magnetostructural,B-PROP
480,38,transition,I-PROP
481,38,remains,O
482,38,incomplete,O
483,38,23,B-PROP
484,38,k,I-PROP
485,38,resulting,O
486,38,coexistence,O
487,38,antiferromagnetic,O
488,38,ferromagnetic,O
489,38,phases,O
490,38,low,O
491,38,temperatures,O
492,39,fraction,O
493,39,high,O
494,39,temperature,O
495,39,ni,B-MAT
496,39,2,I-MAT
497,39,intype,O
498,39,hexagonal,I-STRUCT
499,40,spectroscopic,O
500,40,size,O
501,40,thickness,O
502,40,metrics,O
503,40,liquidexfoliated,O
504,40,hbn,I-MAT
505,41,abstract,O
506,41,many,O
507,41,2d,B-STRUCT
508,41,materials,I-STRUCT
509,41,optical,O
510,41,raman,O
511,41,spectra,O
512,41,richly,O
513,41,structured,O
514,41,convey,O
515,41,information,O
516,41,range,O
517,41,parameters,O
518,41,including,O
519,41,nanosheet,I-STRUCT
520,41,size,O
521,41,defect,O
522,41,content,O
523,42,contrast,O
524,42,equivalent,O
525,42,spectra,O
526,42,hbn,I-MAT
527,42,relatively,O
528,42,simple,O
529,42,absorption,O
530,42,raman,O
531,42,spectra,O
532,42,consisting,O
533,42,single,O
534,42,feature,O
535,42,disclosing,O
536,42,relatively,O
537,42,little,O
538,42,information,O
539,43,ability,O
540,43,sizeselect,O
541,43,liquidexfoliated,O
542,43,hbn,I-MAT
543,43,nanosheets,I-STRUCT
544,43,allowed,O
545,43,us,O
546,43,comprehensively,O
547,43,study,O
548,43,dependence,O
549,43,hbn,I-MAT
550,43,optical,O
551,43,spectra,O
552,43,nanosheet,I-STRUCT
553,43,dimensions,O
554,44,find,O
555,44,optical,O
556,44,extinction,O
557,44,coefficient,O
558,44,spectrum,O
559,44,vary,O
560,44,systematically,O
561,44,nanosheet,I-STRUCT
562,44,lateral,O
563,44,size,O
564,44,due,O
565,44,presence,O
566,44,light,O
567,44,scattering,O
568,45,conversely,O
569,45,light,O
570,45,scattering,O
571,45,decoupled,O
572,45,give,O
573,45,optical,O
574,45,absorbance,O
575,45,spectra,O
576,45,find,O
577,45,size,O
578,45,dependence,O
579,45,mostly,O
580,45,removed,O
581,45,save,O
582,45,weak,O
583,45,welldefined,O
584,45,variation,O
585,45,energy,O
586,45,peak,O
587,45,absorbance,O
588,45,nanosheet,I-STRUCT
589,45,thickness,O
590,46,finding,O
591,46,corroborated,O
592,46,ab,O
593,46,initio,O
594,46,gw,O
595,46,bethesalpeter,O
596,46,equation,O
597,46,calculations,O
598,46,include,O
599,46,electron,O
600,46,correlations,O
601,46,quasiparticle,O
602,46,selfconsistency,O
603,46,qsgw,O
604,47,addition,O
605,47,find,O
606,47,position,O
607,47,sole,O
608,47,hbn,I-MAT
609,47,raman,O
610,47,line,O
611,47,invariant,O
612,47,nanosheet,I-STRUCT
613,47,dimensions,O
614,47,linewidth,O
615,47,appears,O
616,47,vary,O
617,47,weakly,O
618,47,nanosheet,I-STRUCT
619,47,thickness,O
620,48,sizedependent,O
621,48,spectroscopic,O
622,48,properties,O
623,48,used,O
624,48,metrics,O
625,48,estimate,O
626,48,nanosheet,I-STRUCT
627,48,thickness,O
628,48,spectroscopic,O
629,48,data,O
630,49,less,O
631,50,empty,O
632,50,perovskites,O
633,50,coulomb,O
634,50,floppy,B-STRUCT
635,50,networks,I-STRUCT
636,50,entropic,O
637,50,elasticity,O
638,50,negative,O
639,50,thermal,O
640,50,expansion,O
641,51,abstract,O
642,51,floppy,B-STRUCT
643,51,networks,I-STRUCT
644,51,fns,I-STRUCT
645,51,provide,O
646,51,valuable,O
647,51,insight,O
648,51,origin,O
649,51,anomalous,O
650,51,mechanical,O
651,51,thermal,O
652,51,properties,O
653,51,soft,O
654,51,matter,O
655,51,systems,O
656,51,polymers,O
657,51,rubber,O
658,51,biomolecules,O
659,51,glasses,O
660,51,granular,O
661,51,materials,O
662,52,use,O
663,52,fn,O
664,52,concept,O
665,52,construct,O
666,52,quantitative,O
667,52,microscopic,O
668,52,theory,O
669,52,empty,O
670,52,perovskites,O
671,52,family,O
672,52,crystals,O
673,52,reo,B-MAT
674,52,3,I-MAT
675,52,structure,O
676,52,exhibit,O
677,52,number,O
678,52,unusual,O
679,52,properties,O
680,53,one,O
681,53,remarkable,O
682,53,example,O
683,53,scf,B-MAT
684,53,3,I-MAT
685,53,shows,O
686,53,nearzerotemperature,O
687,53,structural,O
688,53,instability,O
689,53,large,O
690,53,negative,O
691,53,thermal,B-PROP
692,53,expansion,I-PROP
693,53,nte,I-PROP
694,54,trace,O
695,54,effects,O
696,54,fnlike,O
697,54,crystalline,O
698,54,architecture,O
699,54,formed,O
700,54,strong,O
701,54,nearestneighbor,O
702,54,bonds,O
703,54,stabilized,O
704,54,net,O
705,54,electrostatic,O
706,54,repulsion,O
707,54,plays,O
708,54,role,O
709,54,similar,O
710,54,osmotic,O
711,54,pressure,O
712,54,polymeric,O
713,54,gels,O
714,55,nte,I-PROP
715,55,crystalline,O
716,55,solids,O
717,55,conceptualize,O
718,55,coulomb,O
719,55,floppy,B-STRUCT
720,55,networks,I-STRUCT
721,55,emerges,O
722,55,tension,O
723,55,effect,O
724,55,coulomb,O
725,55,repulsion,O
726,55,combined,O
727,55,fns,O
728,55,entropic,O
729,55,elasticity,O
730,55,physical,O
731,55,origin,O
732,55,gels,O
733,55,rubber,O
734,56,theory,O
735,56,provides,O
736,56,accurate,O
737,56,quantitative,O
738,56,description,O
739,56,phonons,O
740,56,thermal,B-PROP
741,56,expansion,I-PROP
742,56,compressibility,O
743,56,structural,O
744,56,phase,O
745,56,diagram,O
746,56,excellent,O
747,56,agreement,O
748,56,experiments,O
749,57,entropic,O
750,57,stabilization,O
751,57,critical,O
752,57,soft,O
753,57,modes,O
754,57,play,O
755,57,secondary,O
756,57,role,O
757,57,nte,I-PROP
758,57,explains,O
759,57,observed,O
760,57,phase,O
761,57,diagram,O
762,58,significant,O
763,58,entropic,O
764,58,elasticity,O
765,58,resolves,O
766,58,puzzle,O
767,58,marked,O
768,58,50,O
769,58,discrepancy,O
770,58,experimentally,O
771,58,observed,O
772,58,bulk,B-PROP
773,58,modulus,I-PROP
774,58,ab,O
775,58,initio,O
776,58,calculations,O
777,59,coulomb,O
778,59,fn,O
779,59,approach,O
780,59,potentially,O
781,59,applicable,O
782,59,important,O
783,59,materials,O
784,59,markedly,O
785,59,covalent,O
786,59,bonds,O
787,59,perovskite,O
788,59,oxides,B-MAT
789,59,iron,I-MAT
790,59,chalcogenides,I-MAT
791,59,whose,O
792,59,anomalous,O
793,59,vibrational,O
794,59,structural,O
795,59,properties,O
796,59,still,O
797,59,poorly,O
798,59,understood,O
799,60,less,O
800,61,new,O
801,61,type,O
802,61,halfmetallic,O
803,61,fully,O
804,61,compensated,O
805,61,ferrimagnet,O
806,62,abstract,O
807,62,halfmetallic,O
808,62,fully,O
809,62,compensated,O
810,62,ferrimagnets,O
811,62,hmfcfms,O
812,62,special,O
813,62,class,O
814,62,halfmetals,O
815,62,exhibiting,O
816,62,zero,O
817,62,magnetization,O
818,62,absolute,O
819,62,zero,O
820,62,promising,O
821,62,candidates,O
822,62,nextgeneration,O
823,62,spintronics,O
824,62,applications,O
825,63,25,O
826,63,years,O
827,63,theoretical,O
828,63,studies,O
829,63,conducted,O
830,63,realize,O
831,63,hmfcfm,O
832,63,materials,O
833,63,practical,O
834,63,applications,O
835,64,herein,O
836,64,experimentally,O
837,64,demonstrate,O
838,64,niastype,O
839,64,hexagonalstructured,O
840,64,crfes,I-MAT
841,64,compound,O
842,64,could,O
843,64,serve,O
844,64,hmfcfm,O
845,64,material,O
846,65,halfmetallic,O
847,65,nature,O
848,65,100,O
849,65,spinpolarized,O
850,65,fermi,O
851,65,surfaces,O
852,65,zero,O
853,65,magnetization,O
854,66,magnetization,O
855,66,shows,O
856,66,linear,O
857,66,behavior,O
858,66,function,O
859,66,magnetic,B-PROP
860,66,field,I-PROP
861,66,compensation,I-PROP
862,66,temperature,I-PROP
863,66,around,I-PROP
864,66,200,I-PROP
865,66,k,I-PROP
866,66,high,O
867,66,magnetic,B-PROP
868,66,coercivity,I-PROP
869,66,38,I-PROP
870,66,koe,I-PROP
871,66,300,I-PROP
872,66,k,I-PROP
873,66,magnetic,O
874,66,features,O
875,66,expected,O
876,66,contribute,O
877,66,quantum,O
878,66,leap,O
879,66,application,O
880,66,hmfcfm,O
881,66,layers,I-STRUCT
882,66,spintronics,O
883,66,devices,O
884,67,less,O
885,68,distinguishing,O
886,68,failure,O
887,68,modes,O
888,68,molecular,O
889,68,level,O
890,68,examining,O
891,68,heterogeneity,O
892,68,local,O
893,68,structures,O
894,68,dynamics,O
895,69,abstract,O
896,69,brittle,O
897,69,failure,O
898,69,ubiquitous,O
899,69,amorphous,O
900,69,materials,O
901,69,sufficiently,O
902,69,cooled,O
903,69,glass,B-PROP
904,69,transition,I-PROP
905,69,temperature,I-PROP
906,69,g,I-PROP
907,70,catastrophic,O
908,70,failure,O
909,70,mode,O
910,70,limiting,O
911,70,amorphous,O
912,70,materials,O
913,70,many,O
914,70,applications,O
915,70,many,O
916,70,fundamental,O
917,70,questions,O
918,70,surrounding,O
919,70,remain,O
920,70,poorly,O
921,70,understood,O
922,71,two,O
923,71,challenges,O
924,71,prevent,O
925,71,fundamental,O
926,71,understanding,O
927,71,transition,O
928,71,ductile,O
929,71,response,O
930,71,temperatures,O
931,71,near,O
932,71,g,I-PROP
933,71,brittle,O
934,71,failure,O
935,71,lower,O
936,71,temperatures,O
937,71,lack,O
938,71,computationally,O
939,71,inexpensive,O
940,71,molecular,O
941,71,models,O
942,71,capture,O
943,71,failure,O
944,71,modes,O
945,71,observed,O
946,71,experiments,O
947,71,ii,O
948,71,lack,O
949,71,quantitative,O
950,71,metrics,O
951,71,distinguish,O
952,71,various,O
953,71,failure,O
954,71,mechanisms,O
955,72,work,O
956,72,use,O
957,72,molecular,O
958,72,dynamics,O
959,72,simulations,O
960,72,capture,O
961,72,ductiletobrittle,B-PROP
962,72,transition,I-PROP
963,72,glassforming,O
964,72,shortchain,O
965,72,polymer,O
966,72,systems,O
967,72,using,O
968,72,modified,O
969,72,lennardjones,O
970,72,potential,O
971,72,describe,O
972,72,nonbonded,O
973,72,interactions,O
974,72,monomers,O
975,73,characterized,O
976,73,effects,O
977,73,new,O
978,73,potential,O
979,73,macroscopic,O
980,73,mechanical,O
981,73,properties,O
982,73,well,O
983,73,microscopic,O
984,73,structural,O
985,73,dynamical,O
986,73,differences,O
987,73,deformation,O
988,74,lastly,O
989,74,present,O
990,74,quantitative,O
991,74,metrics,O
992,74,distinguish,O
993,74,different,O
994,74,failure,O
995,74,modes,O
996,75,less,O
997,76,multistate,O
998,76,metadynamics,O
999,76,automatic,O
1000,76,exploration,O
1001,76,conical,O
1002,76,intersections,O
1003,77,abstract,O
1004,77,introduce,O
1005,77,multistate,O
1006,77,metadynamics,O
1007,77,automatic,O
1008,77,exploration,O
1009,77,conical,O
1010,77,intersection,O
1011,77,seams,O
1012,77,adiabatic,O
1013,77,bornoppenheimer,O
1014,77,potential,O
1015,77,energy,O
1016,77,surfaces,O
1017,77,molecular,O
1018,77,systems,O
1019,78,choosing,O
1020,78,energy,O
1021,78,gap,O
1022,78,electronic,O
1023,78,states,O
1024,78,collective,O
1025,78,variable,O
1026,78,metadynamics,O
1027,78,drives,O
1028,78,system,O
1029,78,arbitrary,O
1030,78,groundstate,O
1031,78,configuration,O
1032,78,toward,O
1033,78,intersection,O
1034,78,seam,O
1035,79,upon,O
1036,79,reaching,O
1037,79,seam,O
1038,79,multistate,O
1039,79,electronic,O
1040,79,hamiltonian,O
1041,79,extended,O
1042,79,introducing,O
1043,79,biasing,O
1044,79,potentials,O
1045,79,offdiagonal,O
1046,79,elements,O
1047,79,molecular,O
1048,79,dynamics,O
1049,79,continued,O
1050,79,modified,O
1051,79,potential,O
1052,79,energy,O
1053,79,surface,O
1054,79,obtained,O
1055,79,diagonalization,O
1056,79,latter,O
1057,80,offdiagonal,O
1058,80,bias,O
1059,80,serves,O
1060,80,locally,O
1061,80,open,O
1062,80,energy,O
1063,80,gap,O
1064,80,push,O
1065,80,system,O
1066,80,next,O
1067,80,intersection,O
1068,80,point,O
1069,81,way,O
1070,81,conical,O
1071,81,intersection,O
1072,81,energy,O
1073,81,landscape,O
1074,81,explored,O
1075,81,identifying,O
1076,81,minimum,O
1077,81,energy,O
1078,81,crossing,O
1079,81,points,O
1080,81,barriers,O
1081,81,separating,O
1082,82,illustrate,O
1083,82,method,O
1084,82,example,O
1085,82,furan,I-MAT
1086,82,prototype,O
1087,82,organic,O
1088,82,molecule,O
1089,82,exhibiting,O
1090,82,rich,O
1091,82,photophysics,O
1092,83,multistate,O
1093,83,metadynamics,O
1094,83,reveals,O
1095,83,plateaus,O
1096,83,conical,O
1097,83,intersection,O
1098,83,energy,O
1099,83,landscape,O
1100,83,minimum,O
1101,83,energy,O
1102,83,crossing,O
1103,83,points,O
1104,83,characteristic,O
1105,83,geometries,O
1106,83,extracted,O
1107,84,method,O
1108,84,combined,O
1109,84,broad,O
1110,84,spectrum,O
1111,84,electronic,O
1112,84,structure,O
1113,84,methods,O
1114,84,represents,O
1115,84,generally,O
1116,84,applicable,O
1117,84,tool,O
1118,84,exploration,O
1119,84,photophysics,O
1120,84,photochemistry,O
1121,84,complex,O
1122,84,molecules,O
1123,84,materials,O
1124,85,less,O
1125,86,connection,O
1126,86,topological,O
1127,86,ligaments,O
1128,86,shape,O
1129,86,optimization,O
1130,86,thin,O
1131,86,tubular,O
1132,86,inhomogeneities,O
1133,87,abstract,O
1134,87,framework,O
1135,87,accounting,O
1136,87,sensitivity,O
1137,87,function,O
1138,87,domain,O
1139,87,respect,O
1140,87,addition,O
1141,87,thin,O
1142,87,ligament,O
1143,88,set,O
1144,88,ideas,O
1145,88,consider,O
1146,88,model,O
1147,88,setting,O
1148,88,elastic,O
1149,88,structures,O
1150,88,approximate,O
1151,88,question,O
1152,88,thin,O
1153,88,tubular,O
1154,88,inhomogeneity,O
1155,88,problem,O
1156,88,look,O
1157,88,sensitivity,O
1158,88,solution,O
1159,88,partial,O
1160,88,differential,O
1161,88,equation,O
1162,88,posed,O
1163,88,inside,O
1164,88,backgro,O
1165,89,investigation,O
1166,89,structural,O
1167,89,electronic,O
1168,89,magnetic,O
1169,89,properties,O
1170,89,co2fege,I-MAT
1171,89,heusler,O
1172,89,alloy,O
1173,89,experiment,O
1174,89,theory,O
1175,90,abstract,O
1176,90,experimental,O
1177,90,computational,O
1178,90,studies,O
1179,90,performed,O
1180,90,co2fege,I-MAT
1181,90,heusler,O
1182,90,alloy,O
1183,91,found,O
1184,91,alloy,O
1185,91,high,O
1186,91,experimental,O
1187,91,magnetic,B-PROP
1188,91,moment,I-PROP
1189,91,61,I-PROP
1190,91,mubfu,I-PROP
1191,91,curie,I-PROP
1192,91,temperature,I-PROP
1193,91,1073k,I-PROP
1194,91,high,O
1195,91,spinwave,B-PROP
1196,91,stiffness,I-PROP
1197,91,constant,I-PROP
1198,91,104,I-PROP
1199,91,nm2mev,I-PROP
1200,91,indicates,O
1201,91,magnetic,B-PROP
1202,91,moment,I-PROP
1203,91,high,O
1204,91,vary,O
1205,91,change,O
1206,91,temperature,O
1207,91,range,O
1208,91,0300k,O
1209,92,alloy,O
1210,92,strictly,O
1211,92,follows,O
1212,92,slaterpauling,O
1213,92,sp,O
1214,92,rule,O
1215,92,minor,O
1216,92,experimental,O
1217,92,deviation,O
1218,92,sp,O
1219,92,value,O
1220,92,justified,O
1221,92,fullpotential,O
1222,92,density,O
1223,92,functional,O
1224,92,calculations,O
1225,92,gives,O
1226,92,accurate,O
1227,92,result,O
1228,92,electronelectron,O
1229,92,correlation,O
1230,92,parameter,O
1231,92,u,O
1232,92,taken,O
1233,92,account,O
1234,92,conventional,O
1235,92,gga,O
1236,92,method,O
1237,93,effect,O
1238,93,lattice,O
1239,93,strain,O
1240,93,electron,O
1241,93,correlation,O
1242,93,individual,B-PROP
1243,93,atomic,I-PROP
1244,93,moments,I-PROP
1245,93,total,I-PROP
1246,93,magnetic,I-PROP
1247,93,moment,I-PROP
1248,93,spinpolarization,O
1249,93,studied,O
1250,93,detail,O
1251,93,concluded,O
1252,93,role,O
1253,93,deviation,O
1254,93,experimental,O
1255,93,results,O
1256,93,expected,O
1257,93,theoretical,O
1258,93,values,O
1259,94,less,O
1260,95,topological,O
1261,95,insulator,O
1262,95,materials,O
1263,95,advanced,O
1264,95,optoelectronic,O
1265,95,devices,O
1267,96,topological,O
1268,96,insulators,O
1269,96,quantum,O
1270,96,materials,O
1271,96,insulating,O
1272,96,bulk,O
1273,96,state,O
1274,96,topologically,O
1275,96,protected,O
1276,96,metallic,O
1277,96,surface,O
1278,96,state,O
1279,96,spin,O
1280,96,momentum,O
1281,96,helical,O
1282,96,locking,O
1283,96,diraclike,O
1284,96,band,O
1285,96,structure,O
1286,97,unique,O
1287,97,fascinating,O
1288,97,electronic,O
1289,97,properties,O
1290,97,quantum,O
1291,97,spin,O
1292,97,hall,O
1293,97,effect,O
1294,97,quantum,O
1295,97,anomalous,O
1296,97,hall,O
1297,97,effect,O
1298,97,topological,O
1299,97,magnetoelectric,O
1300,97,effect,O
1301,97,well,O
1302,97,magnetic,O
1303,97,monopole,O
1304,97,images,O
1305,97,majorana,O
1306,97,fermions,O
1307,97,observed,O
1308,97,topological,O
1309,97,insulator,O
1310,97,materials,O
1311,98,unique,O
1312,98,properties,O
1313,98,topological,O
1314,98,insulator,O
1315,98,materials,O
1316,98,great,O
1317,98,potential,O
1318,98,applications,O
1319,98,spintronics,O
1320,98,quantum,O
1321,98,information,O
1322,98,processing,O
1323,98,well,O
1324,98,magnetoelectric,O
1325,98,devices,O
1326,98,higher,O
1327,98,efficiency,O
1328,98,lower,O
1329,98,energy,O
1330,98,consumption,O
1331,99,hand,O
1332,99,topological,O
1333,99,insulator,O
1334,99,materials,O
1335,99,also,O
1336,99,exhibit,O
1337,99,number,O
1338,99,excellent,O
1339,99,optical,O
1340,99,properties,O
1341,99,including,O
1342,99,kerr,O
1343,99,faraday,O
1344,99,rotation,O
1345,99,ultrahigh,O
1346,99,bulk,I-PROP
1347,99,refractive,I-PROP
1348,99,index,I-PROP
1349,99,nearinfrared,O
1350,99,frequency,O
1351,99,transparency,O
1352,99,unusual,O
1353,99,electromagnetic,O
1354,99,scattering,O
1355,99,ultrabroadband,O
1356,99,surface,O
1357,99,plasmon,O
1358,99,resonances,O
1359,100,specifically,O
1360,100,dirac,O
1361,100,plasmon,O
1362,100,excitations,O
1363,100,observed,O
1364,100,bi2se3,I-MAT
1365,100,microribbon,B-STRUCT
1366,100,arrays,I-STRUCT
1367,100,thz,O
1368,100,frequencies,O
1369,101,ultraviolet,O
1370,101,visible,O
1371,101,frequency,O
1372,101,plasmonics,O
1373,101,observed,O
1374,101,nanoslit,O
1375,101,nanocone,O
1376,101,arrays,O
1377,101,bi15sb05te18se12,I-MAT
1378,101,crystals,I-STRUCT
1379,102,high,O
1380,102,transparency,O
1381,102,observed,O
1382,102,bi2se3,I-MAT
1383,102,nanoplates,I-STRUCT
1384,103,ultrahigh,O
1385,103,refractive,I-PROP
1386,103,index,I-PROP
1387,103,observed,O
1388,103,bulk,O
1389,103,bi15sb05te18se12,I-MAT
1390,103,crystals,O
1391,103,well,O
1392,103,sb2te3,I-MAT
1393,103,thin,B-STRUCT
1394,103,films,B-STRUCT
1395,104,excellent,O
1396,104,optical,O
1397,104,properties,O
1398,104,mean,O
1399,104,topological,B-PROP
1400,104,insulator,I-PROP
1401,104,materials,O
1402,104,suitable,O
1403,104,various,O
1404,104,optoelectronic,I-PROP
1405,104,devices,O
1406,104,including,O
1407,104,plasmonic,O
1408,104,solar,O
1409,104,cells,O
1410,104,ultrathin,O
1411,104,holograms,O
1412,104,plasmonic,O
1413,104,fresnel,O
1414,104,lens,O
1415,104,broadband,O
1416,104,photodetectors,O
1417,104,nanoscale,O
1418,104,waveguides,O
1419,105,chapter,O
1420,105,focus,O
1421,105,excellent,O
1422,105,electronic,O
1423,105,optical,O
1424,105,properties,O
1425,105,topological,O
1426,105,insulator,O
1427,105,materials,O
1428,105,wide,O
1429,105,applications,O
1430,105,advanced,O
1431,105,optoelectronic,O
1432,105,devices,O
1433,106,less,O
1434,107,detailed,O
1435,107,physical,O
1436,107,property,O
1437,107,characterization,O
1438,107,fete1xsex,B-MAT
1439,107,x,I-MAT
1440,107,0,I-MAT
1441,107,50,I-MAT
1442,107,single,B-STRUCT
1443,107,crystals,I-STRUCT
1444,108,abstract,O
1445,108,coupled,B-PROP
1446,108,magnetic,I-PROP
1447,108,structural,I-PROP
1448,108,phase,I-PROP
1449,108,transition,I-PROP
1450,108,temperature,I-PROP
1451,108,seen,O
1452,108,step,O
1453,108,resistivity,O
1454,108,lower,O
1455,108,se,I-MAT
1456,108,concentration,O
1457,108,detected,O
1458,108,higher,O
1459,108,x,O
1460,108,values,O
1461,109,superconductivity,O
1462,109,observed,O
1463,109,resistivity,O
1464,109,measurement,O
1465,109,higher,O
1466,109,se,I-MAT
1467,109,concentration,O
1468,109,maximum,B-PROP
1469,109,temperature,I-PROP
1470,109,14k,I-PROP
1471,109,x,O
1472,109,50,O
1473,110,thermally,O
1474,110,activated,O
1475,110,flux,O
1476,110,flow,O
1477,110,taff,O
1478,110,analysis,O
1479,110,based,O
1480,110,high,O
1481,111,strong,O
1482,111,polarizing,O
1483,111,field,O
1484,111,thinfilm,I-STRUCT
1485,111,paraelectrics,O
1486,112,abstract,O
1487,112,surface,O
1488,112,charge,O
1489,112,associated,O
1490,112,spontaneous,O
1491,112,polarization,O
1492,112,ferroelectrics,O
1493,112,well,O
1494,112,known,O
1495,112,cause,O
1496,112,depolarizing,O
1497,112,field,O
1498,112,particularly,O
1499,112,detrimental,O
1500,112,thinfilm,I-STRUCT
1501,112,geometry,O
1502,112,desirable,O
1503,112,microelectronic,O
1504,112,devices,O
1505,113,incomplete,O
1506,113,screening,O
1507,113,surface,O
1508,113,charge,O
1509,113,example,O
1510,113,metallic,O
1511,113,electrodes,O
1512,113,surface,O
1513,113,adsorbates,O
1514,113,lead,I-MAT
1515,113,formation,O
1516,113,domains,O
1517,113,suppression,O
1518,113,reorientation,O
1519,113,polarization,O
1520,113,even,O
1521,113,stabilization,O
1522,113,higher,O
1523,113,energy,O
1524,113,nonpolar,O
1525,113,phase,O
1526,114,huge,O
1527,114,amount,O
1528,114,research,O
1529,114,development,O
1530,114,effort,O
1531,114,invested,O
1532,114,understanding,O
1533,114,depolarizing,O
1534,114,behavior,O
1535,114,minimizing,O
1536,114,unfavorable,O
1537,114,effects,O
1538,115,demonstrate,O
1539,115,opposite,O
1540,115,behavior,O
1541,115,strong,O
1542,115,polarizing,O
1543,115,field,O
1544,115,drives,O
1545,115,thin,B-STRUCT
1546,115,films,I-STRUCT
1547,115,materials,O
1548,115,centrosymmetric,O
1549,115,paraelectric,O
1550,115,bulk,O
1551,115,form,O
1552,115,noncentrosymmetric,O
1553,115,polar,O
1554,115,state,O
1555,116,illustrate,O
1556,116,behavior,O
1557,116,using,O
1558,116,density,O
1559,116,functional,O
1560,116,computations,O
1561,116,perovskitestructure,O
1562,116,potassium,B-MAT
1563,116,tantalate,I-MAT
1564,116,ktao,I-MAT
1565,116,3,I-MAT
1566,116,considerable,O
1567,116,interest,O
1568,116,high,O
1569,116,dielectric,B-PROP
1570,116,constant,I-PROP
1571,116,proximity,O
1572,116,quantum,B-PROP
1573,116,critical,I-PROP
1574,116,point,I-PROP
1575,116,superconductivity,O
1576,117,provide,O
1577,117,simple,O
1578,117,recipe,O
1579,117,identify,O
1580,117,whether,O
1581,117,particular,O
1582,117,material,O
1583,117,film,I-STRUCT
1584,117,orientation,O
1585,117,exhibit,O
1586,117,effect,O
1587,117,develop,O
1588,117,electrostatic,I-PROP
1589,117,model,O
1590,117,estimate,O
1591,117,critical,O
1592,117,thickness,O
1593,117,induced,O
1594,117,polarization,O
1595,117,terms,O
1596,117,wellknown,O
1597,117,material,O
1598,117,parameters,O
1599,118,results,O
1600,118,provide,O
1601,118,practical,O
1602,118,guidelines,O
1603,118,exploiting,O
1604,118,electrostatic,O
1605,118,properties,O
1606,118,thinfilm,I-STRUCT
1607,118,ionic,O
1608,118,insulators,O
1609,118,engineer,O
1610,118,novel,O
1611,118,functionalities,O
1612,118,nanoscale,O
1613,118,devices,O
1614,119,less,O
1615,120,dominant,O
1616,120,fifthorder,O
1617,120,correlations,O
1618,120,doped,O
1619,120,quantum,O
1620,120,antiferromagnets,O
1621,121,abstract,O
1622,121,traditionally,O
1623,121,one,O
1624,121,twopoint,O
1625,121,correlation,O
1626,121,functions,O
1627,121,used,O
1628,121,characterize,O
1629,121,manybody,O
1630,121,systems,O
1631,122,strongly,O
1632,122,correlated,O
1633,122,quantum,O
1634,122,materials,O
1635,122,doped,O
1636,122,2d,O
1637,122,fermihubbard,O
1638,122,system,O
1639,122,may,O
1640,122,longer,O
1641,122,sufficient,O
1642,122,higherorder,O
1643,122,correlations,O
1644,122,crucial,O
1645,122,understanding,O
1646,122,character,O
1647,122,manybody,O
1648,122,system,O
1649,122,numerically,O
1650,122,dominant,O
1651,123,experimentally,O
1652,123,higherorder,O
1653,123,correlations,O
1654,123,recently,O
1655,123,become,O
1656,123,accessible,O
1657,123,ultracold,O
1658,123,atom,O
1659,123,systems,O
1660,124,reveal,O
1661,124,strong,O
1662,124,nongaussian,O
1663,124,correlations,O
1664,124,doped,O
1665,124,quantum,O
1666,124,antiferromagnets,O
1667,124,show,O
1668,124,higher,O
1669,124,order,O
1670,124,correlations,O
1671,124,dominate,O
1672,124,lowerorder,O
1673,124,terms,O
1674,125,study,O
1675,125,single,O
1676,125,mobile,O
1677,125,hole,O
1678,125,tj,O
1679,125,model,O
1680,125,using,O
1681,125,dmrg,O
1682,125,reveal,O
1683,125,genuine,O
1684,125,fifthorder,O
1685,125,correlations,O
1686,125,directly,O
1687,125,related,O
1688,125,mobility,O
1689,125,dopant,O
1690,126,contrast,O
1691,126,results,O
1692,126,predictions,O
1693,126,using,O
1694,126,models,O
1695,126,based,O
1696,126,doped,O
1697,126,quantum,O
1698,126,spin,O
1699,126,liquids,O
1700,126,feature,O
1701,126,significantly,O
1702,126,reduced,O
1703,126,higherorder,O
1704,126,correlations,O
1705,127,predictions,O
1706,127,tested,O
1707,127,lowest,O
1708,127,currently,O
1709,127,accessible,O
1710,127,temperatures,O
1711,127,quantum,O
1712,127,simulators,O
1713,127,2d,O
1714,127,fermihubbard,O
1715,127,model,O
1716,128,finally,O
1717,128,propose,O
1718,128,experimentally,O
1719,128,study,O
1720,128,fifthorder,O
1721,128,spincharge,O
1722,128,correlations,O
1723,128,function,O
1724,128,doping,O
1725,129,help,O
1726,129,reveal,O
1727,129,microscopic,O
1728,129,nature,O
1729,129,charge,O
1730,129,carriers,O
1731,129,debated,O
1732,129,regime,O
1733,129,hubbard,O
1734,129,model,O
1735,129,relevant,O
1736,129,understanding,O
1737,129,high,O
1738,129,c,I-PROP
1739,129,superconductivity,O
1740,130,less,O
1741,131,correlated,O
1742,131,bedtttf,O
1743,131,molecular,O
1744,131,conductors,O
1745,131,critical,B-PROP
1746,131,temperatures,I-PROP
1747,131,gap,O
1748,131,symmetries,O
1749,132,starting,O
1750,132,ab,O
1751,132,initioderived,O
1752,132,twosite,O
1753,132,dimer,O
1754,132,hubbard,O
1755,132,hamiltonian,O
1756,132,triangular,B-STRUCT
1757,132,lattice,I-STRUCT
1758,132,calculate,O
1759,132,superconducting,O
1760,132,gap,O
1761,132,functions,O
1762,132,critical,B-PROP
1763,132,temperatures,I-PROP
1764,132,representative,O
1765,132,bedtttf,O
1766,132,2,O
1767,132,x,O
1768,132,superconductors,O
1769,132,solving,O
1770,132,linearized,O
1771,132,eliashberg,O
1772,132,equation,O
1773,132,using,O
1774,132,twoparticle,O
1775,132,selfconsistent,O
1776,132,approach,O
1777,132,tpsc,O
1778,132,extended,O
1779,132,multisite,O
1780,132,problem,O
1781,133,multiband,O
1782,133,superconductivity,O
1783,133,charge,O
1784,133,density,O
1785,133,waves,O
1786,133,nidoped,O
1787,133,topological,O
1788,133,semimetal,O
1789,133,zrte,B-MAT
1790,133,2,I-MAT
1791,134,abstract,O
1792,134,k,O
1793,134,superconductivity,O
1794,134,c,B-PROP
1795,134,41,I-PROP
1796,134,k,I-PROP
1797,134,report,O
1798,134,first,O
1799,134,time,O
1800,135,temperature,O
1801,135,dependence,O
1802,135,lower,O
1803,135,h,O
1804,135,c,O
1805,135,1,O
1806,135,upper,O
1807,135,h,O
1808,135,c,O
1809,135,2,O
1810,135,critical,O
1811,135,magnetic,O
1812,135,fields,O
1813,135,deviate,O
1814,135,significantly,O
1815,135,behaviors,O
1816,135,expected,O
1817,135,conventional,O
1818,135,singlegap,O
1819,135,swave,O
1820,135,superconductors,O
1821,136,however,O
1822,136,behaviors,O
1823,136,normalized,O
1824,136,superfluid,O
1825,136,density,O
1826,137,machine,O
1827,137,learning,O
1828,137,modeling,O
1829,137,critical,B-PROP
1830,137,temperature,I-PROP
1831,138,focus,O
1832,138,enormous,O
1833,138,research,O
1834,138,effort,O
1835,138,since,O
1836,138,discovery,O
1837,138,century,O
1838,138,ago,O
1839,139,yet,O
1840,139,features,O
1841,139,unique,O
1842,139,phenomenon,O
1843,139,remain,O
1844,139,poorly,O
1845,139,understood,O
1846,139,prime,O
1847,139,among,O
1848,139,connection,O
1849,140,afese2,B-MAT
1850,140,atl,I-MAT
1851,140,k,I-MAT
1852,140,rb,I-MAT
1853,140,cs,I-MAT
1854,140,ironbased,O
1855,140,superconducting,O
1856,140,analog,O
1857,140,cuprates,O
1858,141,abstract,O
1859,141,long,O
1860,141,challenging,O
1861,141,task,O
1862,141,find,O
1863,141,compounds,O
1864,141,similar,O
1865,141,crystal,O
1866,141,electronic,O
1867,141,structures,O
1868,141,cuprate,O
1869,141,superconductors,O
1870,141,low,O
1871,141,dimensionality,O
1872,141,strong,O
1873,141,antiferromagnetic,O
1874,141,fluctuations,O
1875,142,parent,O
1876,142,compounds,O
1877,142,cuprate,O
1878,142,superconductors,O
1879,142,mott,O
1880,142,insulators,O
1881,142,strong,O
1882,142,inplane,O
1883,142,antiferromagnetic,I-PROP
1884,142,exchange,I-PROP
1885,142,interactions,I-PROP
1886,142,cu,I-MAT
1887,142,moments,I-PROP
1888,143,show,O
1889,143,based,O
1890,143,firstprinciples,O
1891,143,density,O
1892,143,functional,O
1893,143,calculations,O
1894,143,afese2,B-MAT
1895,143,atl,I-MAT
1896,143,k,I-MAT
1897,143,rb,I-MAT
1898,143,cs,I-MAT
1899,143,exhibit,O
1900,143,many,O
1901,143,physical,O
1902,143,properties,O
1903,143,common,O
1904,143,cuprate,O
1905,143,parent,O
1906,143,compounds,O
1907,143,1,O
1908,143,fese2,I-MAT
1909,143,layer,I-STRUCT
1910,143,afese2,I-MAT
1911,143,similar,O
1912,143,crystalline,O
1913,143,electronic,O
1914,143,structures,O
1915,143,cuo2,B-MAT
1916,143,plane,O
1917,143,cuprates,O
1918,143,although,O
1919,143,se,I-MAT
1920,143,atoms,O
1921,143,coplanar,O
1922,143,square,O
1923,143,felattice,O
1924,143,2,O
1925,143,antiferromagnetic,O
1926,143,insulators,O
1927,143,relatively,O
1928,143,small,O
1929,143,charge,O
1930,143,excitation,O
1931,143,gaps,O
1932,143,3,O
1933,143,ground,O
1934,143,states,O
1935,143,neel,O
1936,143,antiferromagnetic,O
1937,143,ordered,O
1938,143,similar,O
1939,143,cuprates,O
1940,143,4,O
1941,143,antiferromagnetic,B-PROP
1942,143,exchange,I-PROP
1943,143,interactions,I-PROP
1944,143,fe,I-MAT
1945,143,moments,I-PROP
1946,143,larger,O
1947,143,ironbased,B-MAT
1948,143,superconducting,I-MAT
1949,143,materials,I-MAT
1950,143,comparable,O
1951,143,cuprates,O
1952,144,like,O
1953,144,cuprates,O
1954,144,compounds,O
1955,144,may,O
1956,144,become,O
1957,144,hightc,O
1958,144,superconductors,O
1959,144,upon,O
1960,144,doping,O
1961,144,charge,O
1962,144,carriers,O
1963,144,either,O
1964,144,chemical,O
1965,144,substitution,O
1966,144,intercalation,O
1967,144,liquid,O
1968,144,solid,O
1969,144,gating,O
1970,145,less,O
1971,146,evolution,O
1972,146,superconductivity,I-PROP
1973,146,charge,O
1974,146,order,O
1975,146,pressurized,O
1976,146,rbv,B-MAT
1977,146,3,I-MAT
1978,146,sb,I-MAT
1979,146,5,I-MAT
1980,147,abstract,O
1981,147,kagome,O
1982,147,metals,O
1983,147,v,B-MAT
1984,147,3,I-MAT
1985,147,sb,I-MAT
1986,147,5,I-MAT
1987,147,k,I-MAT
1988,147,rb,I-MAT
1989,147,cs,I-MAT
1990,147,ambient,O
1991,147,pressure,O
1992,147,exhibit,O
1993,147,unusual,O
1994,147,charge,O
1995,147,order,O
1996,147,superconductivity,O
1997,147,emerges,O
1998,148,work,O
1999,148,applying,O
2000,148,hydrostatic,O
2001,148,pressure,O
2002,148,using,O
2003,148,liquid,O
2004,148,pressure,O
2005,148,medium,O
2006,148,carrying,O
2007,148,electrical,O
2008,148,resistance,O
2009,148,measurements,O
2010,148,rbv,B-MAT
2011,148,3,I-MAT
2012,148,sb,I-MAT
2013,148,5,I-MAT
2014,148,find,O
2015,148,charge,O
2016,148,order,O
2017,148,becomes,O
2018,148,suppressed,O
2019,148,modest,O
2020,148,pressure,O
2021,148,p,O
2022,148,c,O
2023,148,14,O
2024,148,p,O
2025,148,c,O
2026,148,16,O
2027,148,gpa,O
2028,148,superconducting,B-PROP
2029,148,transition,I-PROP
2030,148,temperature,I-PROP
2031,148,c,I-PROP
2032,148,maximized,O
2033,149,c,O
2034,149,gradually,O
2035,149,weakened,O
2036,149,increase,O
2037,149,pressure,O
2038,149,exhibiting,O
2039,149,another,O
2040,149,maxima,O
2041,149,around,O
2042,149,228,O
2043,149,gpa,O
2044,149,signifying,O
2045,149,presence,O
2046,149,second,O
2047,149,superconducting,O
2048,149,dome,O
2049,150,distinct,O
2050,150,normal,O
2051,150,state,O
2052,150,resistance,O
2053,150,anomalies,O
2054,150,found,O
2055,150,associated,O
2056,150,second,O
2057,150,superconducting,O
2058,150,dome,O
2059,150,similar,O
2060,150,kv,B-MAT
2061,150,3,I-MAT
2062,150,sb,I-MAT
2063,150,5,I-MAT
2064,151,findings,O
2065,151,point,O
2066,151,qualitatively,O
2067,151,similar,O
2068,151,temperaturepressure,O
2069,151,phase,O
2070,151,diagrams,O
2071,151,kv,B-MAT
2072,151,3,I-MAT
2073,151,sb,I-MAT
2074,151,5,I-MAT
2075,151,rbv,I-MAT
2076,151,3,I-MAT
2077,151,sb,I-MAT
2078,151,5,I-MAT
2079,151,suggesting,O
2080,151,link,O
2081,151,second,O
2082,151,superconducting,O
2083,151,dome,O
2084,151,highpressure,O
2085,151,resistance,O
2086,151,anomalies,O
2087,151,v,B-MAT
2088,151,3,I-MAT
2089,151,sb,I-MAT
2090,151,5,I-MAT
2091,151,series,O
2092,152,less,O
2093,153,ab,O
2094,153,initio,O
2095,153,study,O
2096,153,valley,O
2097,153,line,O
2098,153,totalenergy,O
2099,153,surface,O
2100,153,zonecenter,O
2101,153,distortions,O
2102,153,ferroelectric,O
2103,153,perovskite,O
2104,153,oxides,B-MAT
2105,153,batio3,I-MAT
2106,153,pbtio3,I-MAT
2107,154,abstract,O
2108,154,ab,O
2109,154,initio,O
2110,154,structure,O
2111,154,optimization,O
2112,154,technique,O
2113,154,newly,O
2114,154,developed,O
2115,154,determine,O
2116,154,valley,O
2117,154,line,O
2118,154,totalenergy,O
2119,154,surface,O
2120,154,zonecenter,O
2121,154,distortions,O
2122,154,ferroelectric,O
2123,154,perovskite,O
2124,154,oxides,I-MAT
2125,154,applied,O
2126,154,barium,B-MAT
2127,154,titanate,I-MAT
2128,154,batio3,I-MAT
2129,154,lead,I-MAT
2130,154,titanate,I-MAT
2131,154,pbtio3,I-MAT
2132,155,proposed,O
2133,155,technique,O
2134,155,improvement,O
2135,155,kingsmith,O
2136,155,vanderbilts,O
2137,155,scheme,O
2138,155,phys,O
2139,156,rev,O
2140,157,b,O
2141,157,49,O
2142,157,p5828,O
2143,158,magnetic,O
2144,158,tunnel,O
2145,158,junctions,O
2146,158,based,O
2147,158,ferroelectric,O
2148,158,hf05zr05o2,I-MAT
2149,158,tunnel,O
2150,158,barriers,O
2151,159,abstract,O
2152,159,ferroelectric,I-PROP
2153,159,tunnel,O
2154,159,barrier,O
2155,159,two,O
2156,159,ferromagnetic,O
2157,159,electrodes,O
2158,159,multiferroic,I-PROP
2159,159,tunnel,O
2160,159,junction,O
2161,159,mftj,O
2162,159,one,O
2163,159,promising,O
2164,159,concepts,O
2165,159,future,O
2166,159,microelectronic,O
2167,159,devices,O
2168,160,parallel,O
2169,160,hafnia,I-MAT
2170,160,based,O
2171,160,ferroelectrics,O
2172,160,showing,O
2173,160,great,O
2174,160,potential,O
2175,160,device,O
2176,160,miniaturization,O
2177,160,nanoscale,O
2178,161,utilize,O
2179,161,ferroelectric,O
2180,161,hf05zr05o2,B-MAT
2181,161,hzo,I-MAT
2182,161,thickness,O
2183,161,2,O
2184,161,nm,O
2185,161,epitaxially,B-STRUCT
2186,161,grown,I-STRUCT
2187,161,la07sr03mno3,B-MAT
2188,161,lsmo,I-MAT
2189,161,ferromagnetic,O
2190,161,electrodes,O
2191,161,large,O
2192,161,bandgap,O
2193,161,insulating,O
2194,161,barrier,O
2195,161,integrated,O
2196,161,mftjs,O
2197,161,cobalt,I-MAT
2198,161,top,O
2199,161,electrodes,O
2200,162,previously,O
2201,162,reported,O
2202,162,mftjs,O
2203,162,similar,O
2204,162,electrodes,O
2205,162,tunneling,O
2206,162,magnetoresistance,O
2207,162,tmr,O
2208,162,tuned,O
2209,162,sign,O
2210,162,even,O
2211,162,reversed,O
2212,162,bias,O
2213,162,voltage,O
2214,162,across,O
2215,162,junction,O
2216,163,demonstrate,O
2217,163,four,O
2218,163,nonvolatile,O
2219,163,resistance,O
2220,163,states,O
2221,163,generated,O
2222,163,magnetic,O
2223,163,electric,O
2224,163,field,O
2225,163,switching,O
2226,163,high,O
2227,163,reproducibility,O
2228,163,system,O
2229,164,less,O
2230,165,random,O
2231,165,field,O
2232,165,models,O
2233,165,relaxor,O
2234,165,ferroelectric,O
2235,165,behavior,O
2236,166,abstract,O
2237,166,heat,O
2238,166,bath,O
2239,166,monte,O
2240,166,carlo,O
2241,166,simulations,O
2242,166,used,O
2243,166,study,O
2244,166,fourstate,O
2245,166,clock,O
2246,166,model,O
2247,166,type,O
2248,166,random,O
2249,166,field,O
2250,166,simple,O
2251,166,cubic,O
2252,166,lattices,O
2253,167,model,O
2254,167,standard,O
2255,167,nonrandom,O
2256,167,twospin,B-PROP
2257,167,exchange,I-PROP
2258,167,term,I-PROP
2259,167,coupling,I-PROP
2260,167,energy,I-PROP
2261,167,j,I-PROP
2262,167,random,O
2263,167,field,O
2264,167,consists,O
2265,167,adding,O
2266,167,energy,O
2267,167,one,O
2268,167,four,O
2269,167,spin,O
2270,167,states,O
2271,167,chosen,O
2272,167,randomly,O
2273,167,site,O
2274,168,ashkintellerlike,O
2275,168,model,O
2276,168,separate,O
2277,168,two,O
2278,168,randomfield,O
2279,168,ising,O
2280,168,model,O
2281,168,components,O
2282,168,coupled,O
2283,169,dj3,O
2284,169,ground,O
2285,169,states,O
2286,169,model,O
2287,169,remain,O
2288,169,fully,O
2289,169,aligned,O
2290,170,dj4,O
2291,170,different,O
2292,170,type,O
2293,170,ground,O
2294,170,state,O
2295,170,found,O
2296,170,occupation,O
2297,170,two,O
2298,170,four,O
2299,170,spin,O
2300,170,states,O
2301,170,close,O
2302,170,50,O
2303,170,two,O
2304,170,nearly,O
2305,170,absent,O
2306,171,means,O
2307,171,one,O
2308,171,ising,O
2309,171,components,O
2310,171,almost,O
2311,171,completely,O
2312,171,ordered,O
2313,171,one,O
2314,171,shortrange,O
2315,171,correlations,O
2316,172,large,O
2317,172,peak,O
2318,172,structure,O
2319,172,factor,O
2320,172,sk,O
2321,172,appears,O
2322,172,small,O
2323,172,k,O
2324,172,temperatures,O
2325,172,well,O
2326,172,transition,O
2327,172,longrange,O
2328,172,order,O
2329,172,appearance,O
2330,172,peak,O
2331,172,associated,O
2332,172,slow,O
2333,172,glassy,O
2334,172,dynamics,O
2335,173,phase,O
2336,173,transition,O
2337,173,state,O
2338,173,one,O
2339,173,ising,O
2340,173,component,O
2341,173,longrange,O
2342,173,ordered,O
2343,173,appears,O
2344,173,first,O
2345,173,order,O
2346,173,latent,O
2347,173,heat,O
2348,173,small,O
2349,174,less,O
2350,175,evidence,O
2351,175,existence,O
2352,175,functional,O
2353,175,monoclinic,O
2354,175,phase,O
2355,175,sodium,B-MAT
2356,175,niobate,I-MAT
2357,175,based,O
2358,175,solid,O
2359,175,solution,O
2360,175,powder,O
2361,175,neutron,O
2362,175,diffraction,O
2363,176,abstract,O
2364,176,carried,O
2365,176,systematic,O
2366,176,temperaturedependent,O
2367,176,neutron,O
2368,176,diffraction,O
2369,176,measurements,O
2370,176,conjunction,O
2371,176,dielectric,O
2372,176,spectroscopy,O
2373,176,6,O
2374,176,300,O
2375,176,k,O
2376,176,sodium,B-MAT
2377,176,niobate,I-MAT
2378,176,based,O
2379,176,compounds,O
2380,176,1x,B-MAT
2381,176,nanbo3,I-MAT
2382,176,xbatio3,I-MAT
2383,176,nnbtx,I-MAT
2384,177,dielectric,B-PROP
2385,177,constant,I-PROP
2386,177,measured,O
2387,177,function,O
2388,177,temperature,O
2389,177,frequency,O
2390,178,shows,O
2391,178,anomaly,O
2392,178,different,O
2393,178,temperatures,O
2394,178,cooling,O
2395,178,heating,O
2396,178,cycles,O
2397,178,exhibits,O
2398,178,large,O
2399,178,thermal,B-PROP
2400,178,hysteresis,I-PROP
2401,178,150,I-PROP
2402,178,k,I-PROP
2403,178,composition,O
2404,178,x003,O
2405,179,dielectric,B-PROP
2406,179,constant,I-PROP
2407,179,found,O
2408,179,dispersive,O
2409,179,nature,O
2410,179,suggests,O
2411,179,relaxor,O
2412,179,ferroelectric,O
2413,179,behavior,O
2414,180,order,O
2415,180,explore,O
2416,180,structural,O
2417,180,changes,O
2418,180,function,O
2419,180,temperature,O
2420,180,analyzed,O
2421,180,powder,O
2422,180,neutron,O
2423,180,diffraction,O
2424,180,data,O
2425,180,composition,O
2426,180,x003,O
2427,180,5,O
2428,180,respectively,O
2429,181,drastic,O
2430,181,changes,O
2431,181,observed,O
2432,181,powder,O
2433,181,profiles,O
2434,181,near,O
2435,181,306,O
2436,181,321,O
2437,181,346,O
2438,181,diffraction,O
2439,181,pattern,O
2440,181,200,O
2441,181,k,O
2442,181,cooling,O
2443,181,190,O
2444,181,k,O
2445,181,heating,O
2446,181,cycles,O
2447,181,respectivelythe,O
2448,181,disappearance,O
2449,181,superlattice,O
2450,181,reflection,O
2451,181,splitting,O
2452,181,main,O
2453,181,perovskite,O
2454,181,peaks,O
2455,181,provide,O
2456,181,signature,O
2457,181,structural,B-PROP
2458,181,phase,I-PROP
2459,181,transition,I-PROP
2460,182,observed,O
2461,182,stabilization,O
2462,182,monoclinic,O
2463,182,phase,O
2464,182,cc,O
2465,182,low,O
2466,182,temperature,O
2467,183,monoclinic,O
2468,183,phase,O
2469,183,believed,O
2470,183,provide,O
2471,183,flexible,O
2472,183,polarization,O
2473,183,rotation,O
2474,183,considered,O
2475,183,directly,O
2476,183,linked,O
2477,183,high,O
2478,183,performance,O
2479,183,piezoelectricity,O
2480,183,materials,O
2481,184,thermal,O
2482,184,hysteresis,O
2483,184,composition,O
2484,184,x003,O
2485,184,larger,O
2486,184,x005,O
2487,185,suggests,O
2488,185,addition,O
2489,185,batio3,B-MAT
2490,185,nanbo3,I-MAT
2491,185,suppresses,O
2492,185,thermal,O
2493,185,hysteresis,O
2494,186,also,O
2495,186,observed,O
2496,186,structural,B-PROP
2497,186,phase,I-PROP
2498,186,transition,I-PROP
2499,186,temperature,I-PROP
2500,186,decreases,O
2501,186,increasing,O
2502,186,dopant,O
2503,186,concentration,O
2504,187,less,O
2505,188,mechanisms,O
2506,188,origin,O
2507,188,multiferroicity,O
2508,189,abstract,O
2509,189,motivated,O
2510,189,potential,O
2511,189,applications,O
2512,189,intrinsic,O
2513,189,crosscoupling,O
2514,189,properties,O
2515,189,interest,O
2516,189,multiferroic,O
2517,189,materials,O
2518,189,constantly,O
2519,189,increased,O
2520,189,recently,O
2521,189,leading,O
2522,189,significant,O
2523,189,experimental,O
2524,189,theoretical,O
2525,189,advancements,O
2526,190,theoretical,O
2527,190,point,O
2528,190,view,O
2529,190,recent,O
2530,190,progresses,O
2531,190,allowed,O
2532,190,identify,O
2533,190,different,O
2534,190,mechanisms,O
2535,190,responsible,O
2536,190,appearence,O
2537,190,ferroelectric,O
2538,190,polarization,O
2539,190,coexisting,O
2540,190,coupled,O
2541,190,magnetic,O
2542,190,properties,O
2543,191,chapter,O
2544,191,aims,O
2545,191,reviewing,O
2546,191,fundamental,O
2547,191,mechanisms,O
2548,191,devised,O
2549,191,far,O
2550,191,mainly,O
2551,191,transitionmetal,O
2552,191,oxides,O
2553,191,lie,O
2554,191,origin,O
2555,191,multiferroicity,O
2556,192,less,O
2557,193,d5offcentering,O
2558,193,induced,O
2559,193,ferroelectric,O
2560,193,magnetoelectric,O
2561,193,correlations,O
2562,193,trirutilefe2teo6,I-MAT
2563,194,abstract,O
2564,194,present,O
2565,194,rare,O
2566,194,existence,O
2567,194,d5,O
2568,194,offcentering,O
2569,194,weak,O
2570,194,ferroelectric,O
2571,194,polarization,O
2572,194,demonstrate,O
2573,194,correlation,O
2574,194,observed,O
2575,194,magnetoelectric,O
2576,194,properties,O
2577,194,g,O
2578,194,type,O
2579,194,tn210,B-PROP
2580,194,k,I-PROP
2581,194,antiferromagnet,O
2582,194,fe2teo6,I-MAT
2583,194,fto,O
2584,194,compound,O
2585,195,origin,O
2586,196,multiferroic,O
2587,196,skyrmionhost,O
2588,196,gav4s8,I-MAT
2589,197,abstract,O
2590,197,lacunar,O
2591,197,spinel,O
2592,197,gav4s8,I-MAT
2593,197,exhibits,O
2594,197,orbital,O
2595,197,ordering,O
2596,197,44,O
2597,197,k,O
2598,197,shows,O
2599,197,complex,O
2600,197,magnetic,O
2601,197,phase,O
2602,197,diagram,O
2603,197,127,O
2604,197,k,O
2605,197,includes,O
2606,197,ferromagnetic,O
2607,197,cycloidal,O
2608,197,spin,O
2609,197,order,O
2610,198,low,O
2611,198,finite,O
2612,198,external,O
2613,198,magnetic,O
2614,198,fields,O
2615,198,neltype,O
2616,198,skyrmions,O
2617,198,formed,O
2618,198,material,O
2619,199,skyrmions,O
2620,199,whirllike,O
2621,199,spin,O
2622,199,vortices,O
2623,199,received,O
2624,199,great,O
2625,199,theoretical,O
2626,199,interest,O
2627,199,nontrivial,O
2628,199,spin,O
2629,199,topology,O
2630,199,also,O
2631,199,considered,O
2632,199,basic,O
2633,199,entities,O
2634,199,new,O
2635,199,datastorage,O
2636,199,technologies,O
2637,200,interestingly,O
2638,200,found,O
2639,200,orbitally,O
2640,200,ordered,O
2641,200,phase,O
2642,200,shows,O
2643,200,sizable,O
2644,200,ferroelectric,O
2645,200,polarization,O
2646,200,excess,O
2647,200,spindriven,O
2648,200,polarizations,O
2649,200,appear,O
2650,200,magnetic,O
2651,200,phases,O
2652,200,including,O
2653,200,skyrmionlattice,O
2654,200,phase,O
2655,201,hence,O
2656,201,gav4s8,I-MAT
2657,201,shows,O
2658,201,simultaneous,O
2659,201,magnetic,O
2660,201,polar,O
2661,201,order,O
2662,201,belongs,O
2663,201,class,O
2664,201,multiferroics,O
2665,201,materials,O
2666,201,attracted,O
2667,201,enormous,O
2668,201,attention,O
2669,201,recent,O
2670,201,years,O
2671,202,summarize,O
2672,202,existing,O
2673,202,experimental,O
2674,202,information,O
2675,202,magnetic,O
2676,202,electronic,O
2677,202,dielectric,O
2678,202,properties,O
2679,202,gav4s8,I-MAT
2680,203,performing,O
2681,203,detailed,O
2682,203,magnetic,B-PROP
2683,203,susceptibility,I-PROP
2684,203,resistivity,I-PROP
2685,203,specific,I-PROP
2686,203,heat,I-PROP
2687,203,dielectric,I-PROP
2688,203,experiments,O
2689,203,complement,O
2690,203,lowtemperature,O
2691,203,phase,O
2692,203,diagram,O
2693,204,specifically,O
2694,204,show,O
2695,204,lowtemperature,O
2696,204,lowfield,O
2697,204,ground,O
2698,204,state,O
2699,204,gav4s8,I-MAT
2700,204,seems,O
2701,204,complex,O
2702,204,spin,O
2703,204,configuration,O
2704,204,purely,O
2705,204,collinear,O
2706,204,ferromagnetic,O
2707,204,spin,O
2708,204,order,O
2709,205,addition,O
2710,205,structural,O
2711,205,jahnteller,O
2712,205,transition,O
2713,205,magnetic,O
2714,205,exchange,B-PROP
2715,205,interaction,I-PROP
2716,205,changes,O
2717,205,antiferromagnetic,O
2718,205,ferromagnetic,O
2719,206,also,O
2720,206,provide,O
2721,206,experimental,O
2722,206,evidence,O
2723,206,vanadium,B-MAT
2724,206,v4,I-MAT
2725,206,clusters,I-STRUCT
2726,206,gav4s8,I-MAT
2727,206,regarded,O
2728,206,molecular,O
2729,206,units,O
2730,206,spin,O
2731,206,12,O
2732,207,however,O
2733,207,high,O
2734,207,temperatures,O
2735,207,deviations,O
2736,207,susceptibility,O
2737,207,show,O
2738,207,indicating,O
2739,207,either,O
2740,207,magnetic,B-PROP
2741,207,moments,I-PROP
2742,207,vanadium,I-MAT
2743,207,atoms,O
2744,207,fluctuate,O
2745,207,independently,O
2746,207,excited,O
2747,207,states,O
2748,207,v4,I-MAT
2749,207,molecule,I-STRUCT
2750,207,become,O
2751,207,relevant,O
2752,208,less,O
2753,209,charge,O
2754,209,migration,O
2755,209,pbzrtio3,B-MAT
2756,209,ceramics,O
2757,209,relation,O
2758,209,ageing,O
2759,209,hardening,O
2760,209,softening,O
2761,210,abstract,O
2762,210,dielectric,O
2763,210,response,O
2764,210,hard,O
2765,210,fedoped,O
2766,210,soft,O
2767,210,nbdoped,O
2768,210,rhombohedral,O
2769,210,pbzr058ti0421xmexo3,B-MAT
2770,210,pzt,I-MAT
2771,210,fe,I-MAT
2772,210,nb,I-MAT
2773,210,ceramics,O
2774,210,studied,O
2775,210,subswitching,O
2776,210,conditions,O
2777,210,wide,O
2778,210,range,
2779,210,temperatures,O
2780,210,50,O
2781,210,c,O
2782,210,450,O
2783,210,c,O
2784,210,frequencies,O
2785,210,10,O
2786,210,mhz,O
2787,210,10,O
2788,210,khz,O
2789,211,results,O
2790,211,show,O
2791,211,qualitative,O
2792,211,differences,O
2793,211,behavior,O
2794,211,acceptor,O
2795,211,donor,O
2796,211,doped,O
2797,211,samples,O
2798,212,hard,O
2799,212,materials,O
2800,212,exhibit,O
2801,212,steep,O
2802,212,increase,O
2803,212,complex,O
2804,212,permittivity,O
2805,212,decreasing,O
2806,212,frequency,O
2807,213,onset,O
2808,213,dispersion,O
2809,213,thermally,O
2810,213,activated,O
2811,213,activation,O
2812,213,energy,O
2813,213,608,O
2814,213,ev,O
2815,213,attributed,O
2816,213,oxygen,O
2817,213,vacancy,O
2818,213,hopping,O
2819,214,activation,O
2820,214,energy,O
2821,214,ac,B-PROP
2822,214,conductivity,I-PROP
2823,214,observed,O
2824,214,soft,O
2825,214,materials,O
2826,214,estimated,O
2827,214,17,B-PROP
2828,214,ev,I-PROP
2829,214,corresponding,O
2830,214,half,B-PROP
2831,214,energy,I-PROP
2832,214,gap,I-PROP
2833,214,pbzrtio3,I-MAT
2834,214,thus,O
2835,214,consistent,O
2836,214,electronic,O
2837,214,conduction,O
2838,215,relevance,O
2839,215,ionic,B-PROP
2840,215,hopping,I-PROP
2841,215,conductivity,I-PROP
2842,215,hard,O
2843,215,materials,O
2844,215,ferroelectric,O
2845,215,aging,O
2846,215,deaging,O
2847,215,hardening,O
2848,215,analyzed,O
2849,216,strong,O
2850,216,ionic,B-PROP
2851,216,conductivity,I-PROP
2852,216,hard,O
2853,216,absence,O
2854,216,soft,O
2855,216,samples,O
2856,216,agree,O
2857,216,well,O
2858,216,dipolar,O
2859,216,mechanism,O
2860,216,ageing,O
2861,216,hard,O
2862,216,materials,O
2863,216,absence,O
2864,216,significant,O
2865,216,ageing,O
2866,216,soft,O
2867,216,materials,O
2868,217,less,O
2869,218,comparative,O
2870,218,firstprinciples,O
2871,218,study,O
2872,218,antiperovskite,O
2873,218,oxides,O
2874,218,nitrides,O
2875,218,thermoelectric,O
2876,218,material,O
2877,218,multiple,O
2878,218,dirac,O
2879,218,cones,O
2880,218,lowdimensional,O
2881,218,band,O
2882,218,dispersion,O
2883,218,high,O
2884,218,valley,O
2885,218,degeneracy,O
2886,219,abstract,O
2887,219,perform,O
2888,219,comparative,O
2889,219,study,O
2890,219,thermoelectric,O
2891,219,performance,O
2892,219,antiperovskite,O
2893,219,oxides,O
2894,219,e,O
2895,219,3,O
2896,219,tt,O
2897,219,nitrides,O
2898,219,e,O
2899,219,3,O
2900,219,pn,B-MAT
2901,219,n,I-MAT
2902,219,ae,I-MAT
2903,219,ca,I-MAT
2904,219,sr,I-MAT
2905,219,ba,I-MAT
2906,219,tt,I-MAT
2907,219,ge,I-MAT
2908,219,sn,I-MAT
2909,219,pb,I-MAT
2910,219,pn,I-MAT
2911,219,sb,I-MAT
2912,219,bi,I-MAT
2913,219,means,O
2914,219,firstprinciples,O
2915,219,calculation,O
2916,220,oxides,I-MAT
2917,220,cubic,B-STRUCT
2918,220,structure,I-STRUCT
2919,220,ca,B-MAT
2920,220,3,I-MAT
2921,220,geo,I-MAT
2922,220,sizable,O
2923,220,band,B-PROP
2924,220,gap,I-PROP
2925,220,exhibits,O
2926,220,high,O
2927,220,thermoelectric,O
2928,220,performance,O
2929,220,high,O
2930,220,temperatures,O
2931,220,ba,B-MAT
2932,220,3,I-MAT
2933,220,pbo,I-MAT
2934,220,dirac,O
2935,220,cones,O
2936,220,without,O
2937,220,gap,O
2938,220,favorable,O
2939,220,low,O
2940,220,temperatures,O
2941,221,latter,O
2942,221,high,O
2943,221,performance,O
2944,221,owes,O
2945,221,high,O
2946,221,valley,O
2947,221,degeneracy,O
2948,221,including,O
2949,221,multiple,O
2950,221,dirac,O
2951,221,cones,O
2952,221,valleys,O
2953,221,near,O
2954,221,r,O
2955,221,points,O
2956,222,nitrides,O
2957,222,cubic,O
2958,222,structure,O
2959,222,insulator,O
2960,222,strong,O
2961,222,quasionedimensionality,O
2962,222,exhibits,O
2963,222,high,O
2964,222,thermoelectric,O
2965,222,performance,O
2966,223,also,O
2967,223,find,O
2968,223,orthorhombic,O
2969,223,structural,O
2970,223,distortion,O
2971,223,sometimes,O
2972,223,sizably,O
2973,223,enhances,O
2974,223,thermoelectric,O
2975,223,performance,O
2976,223,especially,O
2977,223,ba,B-MAT
2978,223,3,I-MAT
2979,223,geo,I-MAT
2980,223,sr,I-MAT
2981,223,3,I-MAT
2982,223,asn,I-MAT
2983,223,high,O
2984,223,valley,O
2985,223,degeneracy,O
2986,223,realized,O
2987,223,pnma,O
2988,223,phase,O
2989,224,calculation,O
2990,224,reveals,O
2991,224,antioerpvskites,O
2992,224,offer,O
2993,224,fertile,O
2994,224,playground,O
2995,224,various,O
2996,224,kinds,O
2997,224,characteristic,O
2998,224,electronic,O
2999,224,structure,O
3000,224,enhance,O
3001,224,thermoelectric,O
3002,224,performance,O
3003,224,provides,O
3004,224,promising,O
3005,224,candidates,O
3006,224,highperformance,O
3007,224,thermoelectric,O
3008,224,materials,O
3009,225,less,O
3010,226,giant,B-PROP
3011,226,thermoelectric,I-PROP
3012,226,effect,I-PROP
3013,226,al2o3,I-MAT
3014,226,magnetic,O
3015,226,tunnel,O
3016,226,junctions,O
3017,227,abstract,O
3018,227,thermoelectric,O
3019,227,effects,O
3020,227,magnetic,O
3021,227,nanostructures,I-STRUCT
3022,227,socalled,O
3023,227,spin,O
3024,227,caloritronics,O
3025,227,attracting,O
3026,227,much,O
3027,227,interest,O
3028,228,indeed,O
3029,228,provides,O
3030,228,new,O
3031,228,way,O
3032,228,control,O
3033,228,manipulate,O
3034,228,spin,O
3035,228,currents,O
3036,228,key,O
3037,228,elements,O
3038,228,spinbased,O
3039,228,electronics,O
3040,229,report,O
3041,229,giant,B-PROP
3042,229,magnetothermoelectric,I-PROP
3043,229,effect,I-PROP
3044,229,al2o3,I-MAT
3045,229,magnetic,O
3046,229,tunnel,O
3047,229,junctions,O
3048,230,thermovoltage,O
3049,230,geometry,O
3050,231,role,O
3051,231,resonant,O
3052,231,bonding,O
3053,231,governing,O
3054,231,thermal,O
3055,231,transport,O
3056,231,properties,O
3057,231,twodimensional,O
3058,231,black,O
3059,231,phosphorus,O
3060,232,abstract,O
3061,232,fundamental,O
3062,232,insight,O
3063,232,lattice,O
3064,232,dynamics,O
3065,232,phonon,O
3066,232,transport,O
3067,232,critical,O
3068,232,efficient,O
3069,232,manipulation,O
3070,232,heat,O
3071,232,flow,O
3072,232,one,O
3073,232,appealing,O
3074,232,thermophysical,O
3075,232,problems,O
3076,232,enormous,O
3077,232,practical,O
3078,232,implications,O
3079,233,phosphorene,I-MAT
3080,233,novel,O
3081,233,elemental,O
3082,233,twodimensional,O
3083,233,2d,O
3084,233,semiconductor,O
3085,233,high,O
3086,233,carrier,B-PROP
3087,233,mobility,I-PROP
3088,233,intrinsically,O
3089,233,large,O
3090,233,direct,B-PRROP
3091,233,band,I-PROP
3092,233,gap,I-PROP
3093,233,possesses,O
3094,233,fascinating,O
3095,233,chemical,O
3096,233,physical,O
3097,233,properties,O
3098,233,distinctively,O
3099,233,different,O
3100,233,2d,O
3101,233,materials,O
3102,234,rapidly,O
3103,234,growing,O
3104,234,applications,O
3105,234,phosphorene,I-MAT
3106,234,nanooptoelectronics,O
3107,234,thermoelectrics,O
3108,234,call,O
3109,234,fundamental,O
3110,234,understanding,O
3111,234,thermal,O
3112,234,transport,O
3113,234,properties,O
3114,235,study,O
3115,235,based,O
3116,235,analysis,O
3117,235,electronic,O
3118,235,structure,O
3119,235,lattice,O
3120,235,dynamics,O
3121,235,demonstrate,O
3122,235,formation,O
3123,235,resonant,O
3124,235,bonding,O
3125,235,phosphorene,I-MAT
3126,236,fundamental,O
3127,236,insight,O
3128,236,thermal,O
3129,236,transport,O
3130,236,phosphorene,I-MAT
3131,236,provided,O
3132,236,discussing,O
3133,236,role,O
3134,236,resonant,O
3135,236,bonding,O
3136,236,driving,O
3137,236,longrange,O
3138,236,interactions,O
3139,236,strong,O
3140,236,phonon,O
3141,236,anharmonicity,O
3142,237,reveal,O
3143,237,strong,O
3144,237,phonon,O
3145,237,anharmonicity,O
3146,237,associated,O
3147,237,soft,O
3148,237,transverse,O
3149,237,optical,O
3150,237,phonon,O
3151,237,modes,O
3152,237,arises,O
3153,237,longrange,O
3154,237,interactions,O
3155,237,driven,O
3156,237,orbital,O
3157,237,governed,O
3158,237,resonant,O
3159,237,bonding,O
3160,238,study,O
3161,238,highlights,O
3162,238,physical,O
3163,238,origin,O
3164,238,phonon,O
3165,238,anharmonicity,O
3166,238,phosphorene,I-MAT
3167,238,also,O
3168,238,provides,O
3169,238,new,O
3170,238,insights,O
3171,238,phonon,O
3172,238,transport,O
3173,238,view,O
3174,238,orbital,O
3175,238,states,O
3176,238,would,O
3177,238,great,O
3178,238,significance,O
3179,238,design,O
3180,238,development,O
3181,238,highperformance,O
3182,238,phosphorene,I-MAT
3183,238,based,O
3184,238,nanodevices,O
3185,239,less,O
3186,240,thermal,B-PROP
3187,240,conductivity,I-PROP
3188,240,chiralitysorted,O
3189,240,carbon,O
3190,240,nanotube,B-STRUCT
3191,240,networks,I-STRUCT
3192,241,abstract,O
3193,241,thermal,O
3194,241,properties,O
3195,241,singlewalled,O
3196,241,carbon,O
3197,241,nanotubes,I-STRUCT
3198,241,swnts,O
3199,241,significant,O
3200,241,interest,O
3201,241,yet,O
3202,241,dependence,O
3203,241,swnt,O
3204,241,chirality,O
3205,241,explored,O
3206,241,experimentally,O
3207,242,used,O
3208,242,electrical,O
3209,242,heating,O
3210,242,infrared,O
3211,242,thermal,O
3212,242,imaging,O
3213,242,simultaneously,O
3214,242,study,O
3215,242,thermal,O
3216,242,electrical,O
3217,242,transport,O
3218,242,chiralitysorted,O
3219,242,swnt,O
3220,242,networks,O
3221,243,examined,O
3222,243,solution,O
3223,243,processed,O
3224,243,90,O
3225,243,semiconducting,O
3226,243,90,O
3227,243,metallic,O
3228,243,purified,O
3229,243,unsorted,O
3230,243,66,O
3231,243,semiconducting,O
3232,243,asgrown,O
3233,243,hipco,I-MAT
3234,243,swnt,O
3235,243,films,I-STRUCT
3236,244,thermal,B-PROP
3237,244,conductivities,I-PROP
3238,244,films,I-STRUCT
3239,244,range,O
3240,244,80,B-PROP
3241,244,370,I-PROP
3242,244,wmk,I-PROP
3243,244,controlled,O
3244,244,chirality,O
3245,244,instead,O
3246,244,dependent,O
3247,244,morphology,O
3248,244,ie,O
3249,245,mass,O
3250,245,junction,O
3251,245,density,O
3252,245,quasialignment,O
3253,245,networks,O
3254,246,upper,O
3255,246,range,O
3256,246,thermal,B-PROP
3257,246,conductivities,I-PROP
3258,246,measured,O
3259,246,comparable,O
3260,246,best,O
3261,246,metals,O
3262,246,cu,B-MAT
3263,246,ag,I-MAT
3264,246,order,O
3265,246,magnitude,O
3266,246,lower,O
3267,246,mass,O
3268,246,density,O
3269,247,study,O
3270,247,reveals,O
3271,247,important,O
3272,247,factors,O
3273,247,controlling,O
3274,247,thermal,O
3275,247,properties,O
3276,247,lightweight,O
3277,247,chiralitysorted,O
3278,247,swnt,O
3279,247,films,I-STRUCT
3280,247,potential,O
3281,247,thermal,O
3282,247,thermoelectric,O
3283,247,applications,O
3284,248,less,O
3285,249,electronic,O
3286,249,thermoelectric,O
3287,249,properties,O
3288,249,ruin3xax,B-MAT
3289,249,sn,I-MAT
3290,249,zn,I-MAT
3291,250,abstract,O
3292,250,26,O
3293,250,1886,O
3294,250,2011,O
3295,250,transport,O
3296,250,measurements,O
3297,250,semiconducting,O
3298,250,intermetallic,O
3299,250,system,O
3300,250,ruin3,I-MAT
3301,250,substitution,O
3302,250,derivatives,O
3303,250,ruin3xax,B-MAT
3304,250,sn,I-MAT
3305,250,zn,I-MAT
3306,251,higher,O
3307,251,values,O
3308,251,thermoelectric,B-PROP
3309,251,figure,I-PROP
3310,251,merit,I-PROP
3311,251,zt,I-PROP
3312,251,45,I-PROP
3313,251,compared,O
3314,251,parent,O
3315,251,compound,O
3316,251,achieved,O
3317,251,chemical,O
3318,251,substitution,O
3319,252,using,O
3320,252,density,O
3321,252,functional,O
3322,252,theory,O
3323,252,based,O
3324,252,calculations,O
3325,252,report,O
3326,253,thermal,B-PROP
3327,253,conductance,I-PROP
3328,253,zero,O
3329,253,modes,O
3330,253,surface,O
3331,253,boundary,O
3332,253,weyl,O
3333,253,semimetal,O
3334,254,abstract,O
3335,254,thermoelectric,B-PROP
3336,254,conductance,I-PROP
3337,254,dirac,O
3338,254,materials,O
3339,254,particular,O
3340,254,zero,O
3341,254,modes,O
3342,254,reveals,O
3343,254,effect,O
3344,254,topology,O
3345,254,weyl,O
3346,254,semimetals,O
3347,254,boundary,O
3348,254,z,O
3349,254,0,O
3350,254,give,O
3351,254,rise,O
3352,254,chiral,O
3353,254,zero,O
3354,254,modes,O
3355,254,backscattering,O
3356,254,resulting,O
3357,254,significant,O
3358,254,contribution,O
3359,254,thermal,B-PROP
3360,254,conductivity,I-PROP
3361,255,doping,O
3362,255,surface,O
3363,255,paramagnetic,O
3364,255,impurities,O
3365,255,backscattering,O
3366,255,allowed,O
3367,255,thermal,B-PROP
3368,255,conductivity,I-PROP
3369,255,controlled,O
3370,255,decrease,O
3371,255,transmission,O
3372,255,function,O
3373,255,t2,O
3374,255,1,O
3375,256,attach,O
3376,256,thermal,O
3377,256,reservoir,O
3378,256,edge,O
3379,256,sample,O
3380,256,study,O
3381,256,thermal,B-PROP
3382,256,electrical,I-PROP
3383,256,conductance,I-PROP
3384,257,ballistic,O
3385,257,mesoscopic,O
3386,257,situations,O
3387,257,quantum,O
3388,257,uctuations,O
3389,257,causes,O
3390,257,oscillations,B-PROP
3391,257,thermal,I-PROP
3392,257,electric,I-PROP
3393,257,conduc,I-PROP
3394,257,tance,I-PROP
3395,258,thermoelectric,I-PROP
3396,258,conductance,I-PROP
3397,258,varies,O
3398,258,periodically,O
3399,258,voltage,O
3400,258,bias,O
3401,259,compare,O
3402,259,thermal,B-PROP
3403,259,conductance,I-PROP
3404,259,without,O
3405,259,impurity,O
3406,259,scattering,O
3407,259,observe,O
3408,259,effects,O
3409,259,topology,O
3410,260,experimental,O
3411,260,setup,O
3412,260,proposed,O
3413,260,test,O
3414,260,theory,O
3415,261,1thermoelectric,B-PROP
3416,261,conductance,I-PROP
3417,261,dirac,O
3418,261,materials,O
3419,261,particular,O
3420,261,zero,O
3421,261,modes,O
3422,261,reveals,O
3423,261,effect,O
3424,261,topology,O
3425,261,weyl,O
3426,261,semimetals,O
3427,261,boundary,O
3428,261,z,O
3429,261,0,O
3430,261,give,O
3431,261,rise,O
3432,261,chiral,O
3433,261,zero,O
3434,261,modes,O
3435,261,backscattering,O
3436,261,resulting,O
3437,261,significant,O
3438,261,contribution,O
3439,261,thermal,B-PROP
3440,261,conductivity,I-PROP
3441,262,doping,O
3442,262,surface,O
3443,262,paramagnetic,O
3444,262,impurities,O
3445,262,backscattering,O
3446,262,allowed,O
3447,262,thermal,B-PROP
3448,262,conductivity,I-PROP
3449,262,controlled,O
3450,262,decrease,O
3451,262,transmission,O
3452,262,function,O
3453,262,t2,O
3454,262,1,O
3455,263,attach,O
3456,263,thermal,O
3457,263,reservoir,O
3458,263,edge,O
3459,263,sample,O
3460,263,study,O
3461,263,thermal,B-PROP
3462,263,electrical,I-PROP
3463,263,conductance,I-PROP
3464,264,ballistic,O
3465,264,mesoscopic,O
3466,264,situations,O
3467,264,quantum,O
3468,264,uctuations,O
3469,264,causes,O
3470,264,oscillations,O
3471,264,thermal,B-PROP
3472,264,electric,I-PROP
3473,264,conduc,I-PROP
3474,264,tance,I-PROP
3475,265,thermoelectric,I-PROP
3476,265,conductance,I-PROP
3477,265,varies,O
3478,265,periodically,O
3479,265,voltage,O
3480,265,bias,O
3481,266,compare,O
3482,266,thermal,B-PROP
3483,266,conductance,I-PROP
3484,266,without,O
3485,266,impurity,O
3486,266,scattering,O
3487,266,observe,O
3488,266,effects,O
3489,266,topology,O
3490,267,experimental,O
3491,267,setup,O
3492,267,proposed,O
3493,267,test,O
3494,267,theory,O
3495,268,less,O
3496,269,double,O
3497,269,quantum,B-STRUCT
3498,269,dot,I-STRUCT
3499,269,minimal,O
3500,269,thermoelectric,O
3501,269,generator,O
3502,270,abstract,O
3503,270,based,O
3504,270,numerical,O
3505,270,renormalization,O
3506,270,group,O
3507,270,calculations,O
3508,270,demonstrate,O
3509,270,experimentally,O
3510,270,realized,O
3511,270,double,O
3512,270,quantum,B-STRUCT
3513,270,dots,I-STRUCT
3514,270,constitute,O
3515,270,minimal,O
3516,270,thermoelectric,O
3517,270,generator,O
3518,271,kondo,O
3519,271,regime,O
3520,271,one,O
3521,271,quantum,B-STRUCT
3522,271,dot,I-STRUCT
3523,271,acts,O
3524,271,ntype,O
3525,271,one,O
3526,271,ptype,O
3527,271,thermoelectric,O
3528,271,device,O
3529,272,properly,O
3530,272,connected,O
3531,272,double,O
3532,272,quantum,B-STRUCT
3533,272,dot,I-STRUCT
3534,272,prov,O
3535,273,quasiparticle,O
3536,273,band,O
3537,273,structure,O
3538,273,almostgapless,O
3539,273,transitionmetalbased,O
3540,273,heusler,O
3541,273,semiconductors,O
3542,274,abstract,O
3543,274,transitionmetalbased,O
3544,274,heusler,O
3545,274,semiconductors,O
3546,274,promising,O
3547,274,materials,O
3548,274,variety,O
3549,274,applications,O
3550,274,ranging,O
3551,274,spintronics,O
3552,274,thermoelectricity,O
3553,275,employing,O
3554,275,gw,O
3555,275,approximation,O
3556,275,within,O
3557,275,framework,O
3558,275,flapw,O
3559,275,method,O
3560,275,study,O
3561,275,quasiparticle,O
3562,275,band,O
3563,275,structure,O
3564,275,number,O
3565,275,compounds,O
3566,275,almost,O
3567,275,gapless,O
3568,275,semiconductors,O
3569,276,find,O
3570,276,contrast,O
3571,276,textitspelectron,O
3572,276,based,O
3573,276,semiconductors,O
3574,276,si,B-MAT
3575,276,gaas,I-MAT
3576,276,systems,O
3577,276,manybody,O
3578,276,corrections,O
3579,276,minimal,O
3580,276,effect,O
3581,276,electronic,O
3582,276,band,O
3583,276,structure,O
3584,276,energy,O
3585,276,band,B-PROP
3586,276,gap,I-PROP
3587,276,increases,O
3588,276,less,O
3589,276,02ev,I-PROP
3590,276,makes,O
3591,276,starting,O
3592,276,point,O
3593,276,density,O
3594,276,functional,O
3595,276,theory,O
3596,276,dft,O
3597,276,good,O
3598,276,approximation,O
3599,276,description,O
3600,276,electronic,O
3601,276,optical,O
3602,276,properties,O
3603,276,materials,O
3604,277,furthermore,O
3605,277,band,B-PROP
3606,277,gap,I-PROP
3607,277,tuned,O
3608,277,either,O
3609,277,variation,O
3610,277,lattice,O
3611,277,parameter,O
3612,277,substitution,O
3613,277,emphspchemical,O
3614,277,element,O
3615,278,less,O
